,oof_y
0,8.300910655314965
1,10.469431066892867
2,9.349877841978468
3,8.642349547033518
4,9.161583453336334
5,9.034471709909212
6,9.814057605271046
7,6.966233820375692
8,8.94683320754666
9,9.628830235206806
10,9.110259643256995
11,8.75112068467115
12,6.435688433836731
13,9.060735143703369
14,8.604309292450125
15,7.106234721637975
16,8.791887527106155
17,7.795174661950568
18,9.234831065471099
19,9.117696445558067
20,10.071854019703096
21,7.113357248441389
22,9.468892270215747
23,8.837743174327443
24,8.9354068817388
25,6.415052560547792
26,8.199599704814773
27,9.470272819823549
28,10.44681669288957
29,8.17629803111413
30,8.533741739611287
31,9.582873514748371
32,7.13940972320097
33,5.697039089097871
34,7.951294825546029
35,6.258362014523755
36,8.709461496231597
37,9.577411287644281
38,8.68828204731517
39,7.797466963287661
40,8.659242855236243
41,7.240823478790389
42,4.0798261815562
43,4.544393298414889
44,7.099384310370624
45,4.817963090896228
46,5.605650437265922
47,5.6892682078673715
48,9.269160655474934
49,5.69378925305773
50,8.121259561089573
51,3.5257944742570544
52,5.656375471477531
53,8.440272597290914
54,6.492977257180883
55,5.567759567042231
56,7.00278395834539
57,5.2209677049127095
58,4.570115036060997
59,3.266773055815065
60,4.450374833393653
61,4.468954723894058
62,2.248765938174074
63,1.790130101680461
64,2.756058001695692
65,4.744367544991292
66,3.0766333981910066
67,0.5334008457198252
68,5.018385191300695
69,2.948784751025869
70,3.9654873999138545
71,6.773752007083203
72,3.862351539136853
73,0.5237889590212035
74,1.119833870216553
75,2.743506241749401
76,0.7945420105452285
77,2.6247079102226962
78,2.447910716995011
79,1.125699332559634
80,2.112310246016932
81,0.9564587141758238
82,-0.14737317835852082
83,1.8890141602219046
84,-0.839188578899666
85,-0.7087183073190317
86,2.4209503644997312
87,2.943647716941996
88,1.338670113396347
89,1.1606907673153728
90,1.0359346844165884
91,2.5659667780996642
92,-1.4731216272034544
93,0.9816772207309441
94,0.5435737744992366
95,0.7222102979771989
96,-0.892395512791154
97,-0.07074679765264591
98,0.08001825516021199
99,1.6217257246403278
100,-0.08161965331464671
101,0.18743423419300598
102,0.19878770527611778
103,1.6671776629850683
104,1.1453975688523315
105,0.38227835986299397
106,1.4067792215014379
107,1.3038199306311071
108,0.700332447323035
109,0.540942827730305
110,0.04830780497604792
111,0.18499971083929267
112,0.3980213938161796
113,0.338716093614039
114,0.3167488992203289
115,0.3313195978262229
116,0.22908317413202894
117,0.5385933139014014
118,0.3351502609007184
119,0.30047972673537515
120,0.5213684500686213
121,0.3014136938650154
122,0.19047884064502796
123,0.26887550978972286
124,0.6795067855246089
125,0.1863461970874596
126,0.4087478115379781
127,0.20407439579048514
128,0.9129434602696165
129,1.1783233243882023
130,1.79545483386255
131,1.554748193240357
132,3.267811527604408
133,2.239805328546936
134,2.2183775773273737
135,2.742237089922128
136,1.6072413935571603
137,1.2453785553238959
138,1.7196475381115306
139,2.4534108593697965
140,4.836681032652905
141,3.1914193537254505
142,2.614086314265478
143,1.4311122262142817
144,1.9201048704303503
145,1.7973365579496203
146,1.7673762657577754
147,1.5648147978513407
148,2.724970690588634
149,1.7548995648689925
150,3.309794237240567
151,1.8616783923516778
152,3.2000610933969256
153,1.0084374091902646
154,2.303684274690113
155,3.6034693605115535
156,2.074371945455823
157,3.4439836458664104
158,1.9824504486923615
159,1.264155069777189
160,1.7081749216408753
161,1.5991680612637538
162,2.402720615690214
163,1.9411346742745081
164,4.720718958059024
165,2.2188735046793227
166,3.8696066643906306
167,1.65618422637408
168,3.094238546023007
169,1.3059372260013333
170,2.3868388782107104
171,1.6005704833673917
172,2.831617427956189
173,3.803806090056696
174,1.8921880170651093
175,1.8612200619022587
176,1.3234493579038826
177,1.018153434872147
178,2.8248068428888473
179,1.5957552307322658
180,1.9942757535795863
181,1.4848131256499073
182,3.190754066838963
183,2.5958322797946494
184,2.5720572737354814
185,1.9315442849547253
186,1.0959868898853529
187,1.317363201583703
188,1.9087364234569577
189,2.5477567803845886
190,1.8741708351712987
191,2.086319311749321
192,1.8370865097663227
193,2.633139425144691
194,3.382529072028774
195,4.963214461848111
196,2.1106344152981364
197,2.1624871830044867
198,1.3295182180363554
199,3.8782558062703174
200,3.1484200817803867
201,1.7182972999103185
202,2.100344939984552
203,3.6018884883737883
204,3.4500443206020464
205,3.8441156842577584
206,2.0732224293255967
207,2.3067716916480094
208,1.6383625290468444
209,1.4164006839046124
210,1.8255621010571303
211,1.8767011876479955
212,3.457085956895753
213,2.9373697162473036
214,2.116535130437569
215,3.0098178783659932
216,2.685774077780934
217,2.123960146524041
218,3.1425988230544135
219,3.2658637559020463
220,4.81046987469972
221,1.0542153526957918
222,1.7347213635416665
223,1.314832358212243
224,1.2837309496953822
225,1.8624139405569622
226,1.7347586405203401
227,2.7925256425533007
228,1.868628935210836
229,1.7048951648462207
230,2.119179832759073
231,2.835925959926044
232,1.7243023858195556
233,2.1844679797650315
234,1.4559190063164351
235,2.3837976115851234
236,2.956942792764039
237,2.706131511328749
238,1.995231775710181
239,1.8303757920280077
240,1.8003302397032712
241,1.2225601614140942
242,1.671767564374477
243,1.7299847803346893
244,1.3272691505303555
245,2.7133370078122425
246,4.154916516686626
247,1.879521024670339
248,1.8836135238711904
249,2.7362326814031803
250,2.993347498992989
251,2.8048208428913313
252,3.572584730089602
253,3.441558797066591
254,0.9434748356047749
255,1.6635935234926365
256,2.2559361052772147
257,2.1217833095352034
258,1.9022546768464963
259,2.3011547653100024
260,3.113946872302222
261,2.439782501110585
262,2.3537745974917925
263,2.2672027919797983
264,2.112749156737209
265,2.845102095015136
266,2.835609783484415
267,2.275980686348703
268,4.441200539521105
269,2.6754098815445104
270,1.7321039671874132
271,1.7547830844600867
272,1.7600689661089746
273,1.374897651894571
274,2.7466859205651417
275,2.016774219915078
276,2.51302810274683
277,2.4417001445090136
278,1.8347293187325704
279,1.0975410774531156
280,3.312678890996267
281,2.236094831961509
282,3.5193146130172863
283,3.0352101247667633
284,1.3097419327878015
285,3.562815412267355
286,2.053646795507575
287,3.17416006937583
288,1.956757750842371
289,2.5881796610983656
290,2.98932861357207
291,2.818634889104942
292,1.5941481053482676
293,2.1011878352755957
294,2.3872358557187
295,2.8012039770169395
296,2.5163899878402844
297,3.234037025175894
298,2.9579208284394554
299,1.8270491453677096
300,2.6569689915331764
301,2.109411766295125
302,1.4167640282112188
303,1.7022385613422557
304,2.2284461447038666
305,3.6394690801912475
306,2.7616307364660315
307,1.7747556863282625
308,1.3250027923631933
309,2.4508005437796783
310,2.022090529583693
311,2.7252764229738204
312,2.707952584550185
313,1.9492831725056021
314,2.516813267595353
315,2.4831708213569073
316,1.5226643504606727
317,4.452132902576068
318,1.6711438114884913
319,1.578775357961149
320,2.245246067682274
321,2.2420033299436
322,3.403471560277012
323,2.0834796249018837
324,1.9706508044159818
325,2.0501108038483835
326,2.565700620871212
327,2.3808093140587516
328,3.348508646954542
329,2.063384034617684
330,1.771066902378152
331,2.144229629381698
332,1.7066536711581648
333,5.017358361247261
334,2.8223011733839485
335,1.9651945239224915
336,2.0356398604940296
337,2.549658721774904
338,1.8676415799441202
339,3.5513999158811203
340,1.7102750135391034
341,2.0253136354585877
342,2.2569479362682614
343,3.3518828899864275
344,1.8362168417475004
345,2.891625760739771
346,2.785759492226589
347,2.143854444408589
348,2.642617732432882
349,1.6081530131191357
350,1.33791604190219
351,1.790903454376803
352,1.7563797481384427
353,4.377076382694213
354,2.224415380775099
355,1.9131809753484958
356,1.5180733209776918
357,2.2000663686771986
358,1.849113845726606
359,3.347005629060277
360,4.826857670216668
361,2.8457523838751513
362,1.4385464350107213
363,2.519764520008266
364,1.746954390236624
365,2.8203177382010836
366,1.8474380402408315
367,2.0076214659438847
368,1.578524067028411
369,2.374012358001437
370,1.7277866467215972
371,2.3689133501334254
372,1.237261208563723
373,2.7044607564089347
374,2.727000453643541
375,3.1323596365737103
376,3.0922849700496045
377,2.123204222410095
378,1.7013910052341998
379,2.2293082987962407
380,4.346441355331081
381,1.6396270560885569
382,2.5144918046066778
383,1.6651335424894569
384,1.9655574452326618
385,2.426871377196676
386,2.5928669118907237
387,1.7085715741900458
388,1.924566612588933
389,1.8533782667609557
390,1.8386530665829923
391,2.3962434362797467
392,2.021003768753417
393,1.9086939667122351
394,2.2751052177186466
395,1.5065458517315164
396,1.5796936903675487
397,2.0009568190903337
398,1.9361589387635831
399,1.489634982406642
400,3.865826590726556
401,2.3243264294810615
402,2.3735717673007457
403,2.375736693548788
404,0.9196149870754198
405,3.2018918734679573
406,2.954977228567259
407,4.139666671024315
408,2.310394657900815
409,2.951161589284766
410,3.190088877735434
411,1.6599638530578886
412,2.2723975072804024
413,2.5340466982261205
414,2.166692267403505
415,1.925678010910815
416,3.0759159935378193
417,3.9844131456111427
418,1.6911392812726262
419,2.1539533524792205
420,1.560386325124
421,2.9816217231782502
422,1.9130581339827586
423,2.1985061169280016
424,4.328129025840099
425,3.7206859190500836
426,1.7422581442783667
427,1.6699714617525387
428,2.59180383240664
429,2.8406193108939988
430,2.3911454319368204
431,1.070460269567775
432,2.8950106180918738
433,3.5267162244385872
434,2.30920791198605
435,2.829974116563335
436,1.7423263806149407
437,2.756933443030448
438,1.705650138355395
439,3.978389275137488
440,2.863936345118873
441,1.9481098302367172
442,1.5296035636820307
443,2.8924491134193886
444,1.6577626306961974
445,1.9499611159426422
446,1.7248880001147882
447,2.0627786827490127
448,2.2060272198345956
449,2.4967498922032973
450,1.8924182127188942
451,3.9669450407136537
452,3.0392700067759506
453,1.7622333140443516
454,2.6894691344209605
455,3.4666280432224994
456,1.9588825463210924
457,3.3241650065738213
458,1.6345676273876961
459,2.260951767462302
460,1.2054699025025002
461,2.8933328651050942
462,1.2035460363413222
463,2.084283965715258
464,1.6598485869394608
465,2.6643633183184647
466,3.2662249887966937
467,2.1169700025275233
468,1.3302685154608298
469,2.98798806081777
470,5.477758232221277
471,1.6285408556195762
472,5.821122674839444
473,2.713526324101622
474,1.8959681360197465
475,2.6288504701419697
476,4.955489065864185
477,2.1867555542867194
478,2.211234805002732
479,2.069507431686361
480,1.7063188481001816
481,2.925924061314163
482,2.378248088463806
483,2.5239452533287476
484,1.2849192165322165
485,1.649665796503541
486,2.6477403822132146
487,4.605294853396572
488,3.838259417030713
489,2.585647500428877
490,1.617178201605384
491,2.16574930632396
492,0.8282227858535407
493,3.2452711344385534
494,1.990847005865362
495,1.8360580451180795
496,1.4551799492405735
497,3.4274952600308097
498,1.148156807624673
499,2.2598360832912476
500,1.5901963812257236
501,2.652457299375328
502,2.372824691865844
503,2.5046699232366336
504,3.461684908647385
505,1.6509935621470504
506,1.4313281569470746
507,2.1068623389501226
508,3.9247331618448698
509,1.4090592181837565
510,2.1165743952351477
511,1.567461472100149
512,1.7856056759505918
513,4.488547912510967
514,1.7309376481284744
515,1.763012557680213
516,1.3101353150445902
517,2.3554217159176005
518,3.3779650922142537
519,2.335353106409457
520,4.258516216187218
521,1.5851784859246436
522,3.029434763825975
523,2.090782586736168
524,1.5985765281684507
525,3.7608419834486995
526,1.5970317959954627
527,1.5310877405204337
528,2.384389070567977
529,3.503653461857084
530,1.968546114493165
531,1.7280272786151727
532,1.0281855164121225
533,2.2488988252780473
534,2.8532969501711705
535,2.2902373692704714
536,3.99697574899983
537,1.7236984864657643
538,3.8656758643214744
539,1.8859573434501726
540,1.548226837357106
541,5.037189179672623
542,1.7848868237701936
543,2.198926037493493
544,1.595809914212623
545,2.0028719694487336
546,3.6987883130450427
547,1.7034158027981903
548,2.036340173140161
549,3.13420668483559
550,3.101183588172262
551,2.996226581940391
552,3.072026868812827
553,1.7882268984853908
554,2.8987531452926305
555,1.7702909444024044
556,5.41412559811215
557,2.243529234847756
558,3.0289163393649687
559,1.5639433735432249
560,1.6274831140813149
561,2.9714967579789118
562,1.6789403376333212
563,2.7855876199464547
564,1.3960114907004026
565,1.6365086518148928
566,2.590062200641569
567,1.8966218839182147
568,4.682707199560809
569,1.8928114498344257
570,1.587071077757173
571,3.870448810801463
572,1.8691708486144307
573,4.1981924610227
574,2.0225991416637044
575,1.5274774114977845
576,1.566429893448003
577,3.8192555534023995
578,1.5090825351953754
579,2.526071855550981
580,1.8110672486945987
581,1.3115101906773816
582,2.7913729105580387
583,1.6702194617382702
584,4.9534504543453295
585,2.385180697182932
586,2.238987022292804
587,4.256510552909276
588,2.484810381085481
589,1.5099359250675661
590,1.8333177937729488
591,1.8195634632243127
592,2.3666827192437268
593,2.0535852788148077
594,3.271744474524894
595,4.1113468469493455
596,1.8219907376096671
597,1.6562596045487226
598,4.296785455446752
599,2.6031361044879304
600,2.92629062162996
601,2.6561952984457093
602,2.8463954922876837
603,4.43610529475427
604,2.3960717414925057
605,1.803219799222461
606,1.3922187768671392
607,2.364219630867865
608,2.0534383687468107
609,4.313174908013934
610,1.1861399841627644
611,3.277576845931435
612,2.253314993892218
613,3.2727133069342926
614,4.679631798361697
615,1.577805314487705
616,2.5437529303535484
617,2.281370661308756
618,1.6344254167956933
619,3.5202725303606712
620,2.3352072759180373
621,1.5626443361184101
622,1.5489007984870113
623,2.261776495430695
624,2.4367510492265865
625,2.344296229776319
626,3.618056894941219
627,1.8908200664354808
628,2.7734704362292177
629,3.207706792497902
630,1.716981939415291
631,1.2959945336679084
632,1.8041356815388099
633,2.373692041132017
634,1.5291887788057466
635,2.7910030103771533
636,2.1837816119564195
637,1.8469466756323527
638,1.6771222939710242
639,3.488228411441469
640,1.9736455050924633
641,3.5666676698406263
642,1.8324715276316965
643,2.888252068782549
644,3.0705741843671603
645,1.6276733291479104
646,1.7756721723881128
647,1.9567171185349252
648,1.7236029772907386
649,3.241826873408172
650,2.3392487308301497
651,2.01131169274322
652,1.2050098088866434
653,3.716445642840881
654,2.0920140933812945
655,2.090880463828398
656,2.37144518794139
657,1.5907130391660758
658,2.266572734190504
659,3.6954809095373093
660,2.1450446876870046
661,3.2831154625168892
662,1.3268362365620305
663,1.3946777387996008
664,3.599968681201517
665,2.4457903129928127
666,3.16875627556783
667,1.4317864271192775
668,2.125362537230103
669,2.5370980821039666
670,1.5377847191643923
671,1.9348882544268236
672,1.9236419672529337
673,2.733858740317828
674,3.5368033967552037
675,2.401345083699198
676,1.5374146874873986
677,3.9778909039641803
678,1.3898921282457195
679,1.6914478903781855
680,3.882149560795824
681,2.2475439989120787
682,1.7008366383706743
683,6.157548373860209
684,2.1367378481913875
685,2.4842202197392
686,2.232089684165203
687,1.4284119415829082
688,1.542213870809519
689,4.731619369401869
690,2.803467010983695
691,1.7082864938020066
692,1.3944989499832445
693,1.8459997031477542
694,2.0194396238621266
695,3.9252770197113023
696,2.2636233504013035
697,2.573994624226998
698,2.3707862890919387
699,1.6073861365935045
700,2.626069830157576
701,2.345079103376065
702,2.166173711704232
703,2.3011733976509277
704,5.01303539775472
705,1.9604995422723732
706,2.505470356980368
707,1.7356431768157563
708,3.229122155183177
709,1.2660655640620462
710,3.110609204096818
711,1.4968501469516013
712,2.006200516289482
713,1.8750567222532482
714,2.2728714391787435
715,1.7449795996176363
716,2.8172584834096597
717,1.5711234508989946
718,5.1911555564984155
719,3.1230496050534384
720,1.714820598233473
721,1.9052483525993011
722,2.0421875622801053
723,4.318831138206406
724,2.0140062601612954
725,2.761206838929411
726,1.6437293749982018
727,3.60345581106003
728,1.721957500253211
729,2.383203919829157
730,1.9359502793695356
731,2.8309219055454378
732,1.4373312836546575
733,3.899692930695892
734,3.9448194898618567
735,2.753634387323018
736,3.3982636498012653
737,2.243327200816111
738,2.168837188564794
739,2.211314199026674
740,3.964260225282942
741,2.039755959462582
742,1.4730466286482624
743,3.520474989982631
744,2.8821817028892838
745,1.4646829526400325
746,3.5530439882700193
747,1.6792552556175906
748,5.629607794551248
749,2.1759561111334733
750,2.9505822096975862
751,3.7006140529138065
752,1.8208735075540972
753,5.541520044508161
754,2.468558988555287
755,1.969128843436465
756,2.0554037987067204
757,1.1430865090360385
758,3.40217116858139
759,1.8995425707230424
760,1.4550590382036717
761,2.360424039989084
762,1.8449193403021127
763,4.59734100026526
764,5.374203643813871
765,2.468006413698731
766,2.2263182467368097
767,2.196405355097795
768,2.0027792868008873
769,3.9104691352035843
770,2.2963929462985107
771,2.183292590768815
772,1.4113571248062726
773,2.4552574862614165
774,1.6253825495564342
775,1.4897968954155658
776,2.935334153537042
777,2.2300113572669034
778,3.2951922337915676
779,4.262556255113395
780,2.1999128888378436
781,2.5393928771818537
782,1.897567441618321
783,2.600281947638905
784,3.8499994559560946
785,2.772083514978931
786,2.5176190989645875
787,0.7037701901804212
788,3.5416699672955474
789,1.9686501941209826
790,1.9571819971929472
791,5.137290294991544
792,2.4027576116645832
793,4.251665408152803
794,3.984165383520576
795,2.7093252498652873
796,1.7243260079940228
797,4.191363545768127
798,2.4395754366332767
799,2.4493675751655246
800,2.2677616594937717
801,2.2784358044596047
802,3.7454063152972594
803,1.4843920910111592
804,1.9988762168190988
805,2.0479617504911403
806,3.4448017170689127
807,1.7359172617557306
808,3.046163235512722
809,2.3054868471799637
810,1.6859378024037142
811,2.25715827973454
812,1.793751956127835
813,2.2879092916091395
814,2.4624288754912413
815,1.9200009103478806
816,2.350679973655133
817,2.6094179451752098
818,3.1671947302029366
819,4.981241694700657
820,3.162951664414777
821,2.1594162698388573
822,1.8761462707798273
823,1.234072767188536
824,3.2877819244995408
825,1.890744159098631
826,2.891372888578644
827,2.5906939644705744
828,2.14900347032426
829,1.7252624835355164
830,1.9049540248024641
831,1.5246420162084178
832,2.1972983008877236
833,2.777106494452255
834,2.148405349746099
835,2.5848311189993183
836,4.0946135123231215
837,1.7176852401121323
838,3.404842169081803
839,3.56149098828746
840,1.7442922628774795
841,2.468374067241257
842,2.2924766549790547
843,2.0933889852085485
844,2.233285635540142
845,1.9717309840111739
846,2.9741013969482992
847,2.0564150368895753
848,2.2979982825463594
849,2.4193053832345868
850,4.447818724701847
851,1.933657242089339
852,1.9407046503015408
853,4.731752313088236
854,3.0541757303481063
855,1.5951200687677556
856,3.1366659678474207
857,2.323524623167941
858,3.051306571916939
859,2.5782808902054057
860,3.2718221246773282
861,3.27030425731391
862,1.3574559315788974
863,6.261052792551709
864,5.2608638498154505
865,2.896105564237132
866,2.694079041507848
867,2.1135147386235076
868,4.077184665313325
869,2.1883233665262196
870,1.1849141439802224
871,2.5728572177040405
872,2.8539672093947956
873,1.657430337324513
874,1.6124023328920885
875,1.799841610320982
876,1.4403748556587743
877,1.6915124221663973
878,5.251492914282153
879,1.732163185349691
880,1.8581376849442677
881,1.8419305965562671
882,3.005919592560531
883,2.3720266500795333
884,3.9865832938326093
885,2.7424187123629054
886,1.5731851662339977
887,1.460374461423271
888,3.135023934385572
889,2.873655516675626
890,2.5485901232073047
891,2.261354992006545
892,1.689751952972074
893,2.686614988841484
894,2.89322396246871
895,2.0698242980142822
896,1.4191752578581145
897,2.473946690876801
898,4.541393384713956
899,3.4304759656561146
900,2.4521251253272567
901,2.184594952435873
902,1.291856981802539
903,4.166568586458652
904,2.5094790066732457
905,2.1596985106011743
906,4.523925765784497
907,2.822672213886108
908,2.616431114124225
909,4.9795238578985845
910,2.1807303173745822
911,1.1263460393338391
912,1.831814237492381
913,4.061565379237436
914,4.348240051171615
915,1.7929082865125565
916,3.49224242669834
917,2.547063107539998
918,3.2151156768345572
919,2.4977153223926507
920,2.674997945150153
921,2.7400527911363497
922,2.70870770656893
923,3.4586270434324433
924,3.273766311294821
925,1.4928080710037648
926,2.027317522643898
927,2.617514754918375
928,2.495637564295066
929,5.5083060044776175
930,1.4525833383186182
931,2.341722936962924
932,1.20375923992151
933,1.7354390733894434
934,5.728037877950101
935,2.19190726516581
936,4.254021532426577
937,3.47573378520201
938,4.12031659912418
939,3.008777169935456
940,2.305586586132904
941,2.429588263552432
942,4.107132350763095
943,1.9893708798599619
944,3.159010197972293
945,3.5715591733119254
946,1.8271783465993394
947,1.5152023081036532
948,5.1331851126192305
949,2.540913127704698
950,3.7814760669825773
951,2.4812168806847694
952,1.8245150098209706
953,5.317710610878294
954,3.4770702914997855
955,2.4302580998096346
956,2.413033098082451
957,3.3644577009758905
958,3.4916077690636484
959,2.3622490886386913
960,1.6369518463206987
961,2.595439432976491
962,2.4791378110116966
963,3.4437788952113806
964,4.723036740535463
965,3.8496450691036443
966,5.378475771655758
967,1.6717449730795124
968,5.3286602200987545
969,4.083784957415446
970,1.7230359522536673
971,4.009190519182539
972,2.515419387140355
973,1.2126529961833512
974,2.496049428661081
975,1.7945082336805172
976,3.509932630518506
977,2.0905699345621542
978,1.5247020379883907
979,5.11316984584937
980,4.335883851748349
981,3.118671747174176
982,1.2043545701412768
983,3.054966329249055
984,4.563211906110155
985,1.668636714875447
986,3.492625726406459
987,1.5416947125618208
988,2.1932568107545194
989,6.207149166513773
990,1.8556503732238525
991,1.7522009890235495
992,2.7117009629059794
993,5.697507411706283
994,3.0794772627359634
995,3.642749878120867
996,1.8315938183332037
997,3.795836890846658
998,6.230315018776309
999,3.0022283026942205
1000,3.3969440966684488
1001,1.7817904650769378
1002,2.1913322889631672
1003,0.767525360980926
1004,3.416759149115933
1005,2.6827350786356874
1006,2.5154298197212484
1007,1.3125128988708639
1008,2.1890840273572394
1009,6.767585710567801
1010,3.384415981620805
1011,2.8626914635483445
1012,4.036766372427337
1013,5.6061818925941225
1014,2.8667900447617285
1015,2.288941464952586
1016,4.474903431086659
1017,2.8141042807937993
1018,1.6571546232394212
1019,3.697914868357202
1020,1.7940318091896188
1021,4.507939713822907
1022,2.0186760304459312
1023,2.063318206950953
1024,4.004937583121318
1025,1.825963901238083
1026,1.5160995575815832
1027,4.484633934629528
1028,4.731857668365137
1029,2.9073694255826013
1030,1.784499102666814
1031,5.170313509504922
1032,2.6211398877971988
1033,1.532351816875689
1034,2.749198594345671
1035,1.4849614274362466
1036,1.769685267422119
1037,4.575288383132829
1038,4.049564646360523
1039,3.698046700526902
1040,4.517663902228378
1041,2.0542191090557935
1042,3.075148295775307
1043,3.257999034783097
1044,2.5124259140161485
1045,2.3039974840744435
1046,2.089998723961344
1047,2.508367836117941
1048,2.0686425572148437
1049,4.797441548798361
1050,1.8805212402717189
1051,3.8623707493889015
1052,4.09255533811438
1053,3.6992967354167376
1054,4.504167824142769
1055,1.5382420124274176
1056,1.485701919747953
1057,2.3282406535308837
1058,5.812260104120014
1059,4.3892778178565095
1060,2.0062483505630553
1061,3.3292058739875756
1062,4.2976746210447345
1063,3.0517540713976814
1064,3.3070517088112865
1065,1.9259213855402777
1066,2.999762713396194
1067,4.317127386048469
1068,5.976039209198007
1069,3.44004155706898
1070,3.275120003534994
1071,1.257405302096231
1072,2.9366825838519617
1073,6.380329090141458
1074,2.384667815346347
1075,2.2884310507570262
1076,1.9454294784009107
1077,2.011778553320255
1078,1.6132213396977022
1079,2.9799734433790945
1080,1.7455224911509504
1081,3.6852635776817806
1082,1.2834962526967502
1083,3.3661675137964266
1084,4.12978516584235
1085,3.9671930432118643
1086,0.7908792855355387
1087,2.6265480609540646
1088,4.719572138759759
1089,2.8184959532377434
1090,1.675792919693322
1091,3.560755794666875
1092,1.9385353340817346
1093,2.082988853853294
1094,4.347129855879302
1095,2.593855720040665
1096,3.368596375847119
1097,1.6589364107635447
1098,3.067913796852281
1099,5.071932593712518
1100,1.8734745836068214
1101,1.3651048079809698
1102,3.7385808215576617
1103,5.523800893510725
1104,2.5172208388530635
1105,1.8634930401290148
1106,3.415991411457071
1107,3.5775151223006105
1108,2.5488827620838492
1109,5.653878323842491
1110,1.7831320831246558
1111,3.3074172861274747
1112,3.4522569485857275
1113,5.738659750975785
1114,2.2111257543456304
1115,2.9166620555893132
1116,1.677197442580109
1117,2.535819654588977
1118,6.651279763339517
1119,3.145932834272571
1120,1.4334789836370874
1121,3.0781474217228606
1122,2.739599378901403
1123,2.2720613128080913
1124,6.122724780695535
1125,1.8156049778381202
1126,1.8785927100111621
1127,1.3636608699162025
1128,3.0254347712766503
1129,2.6253965717364736
1130,3.6067171784879974
1131,2.6194026324069455
1132,2.140766695770708
1133,7.207559079281964
1134,4.955880303323283
1135,1.4128393574051188
1136,2.7911595453047084
1137,2.9147823704283837
1138,3.1236688059057087
1139,5.825186189700162
1140,2.648837774076128
1141,1.7515281025530385
1142,2.3603997182508465
1143,5.383299559714487
1144,2.8860218902732413
1145,2.548714553046466
1146,1.6874250517535074
1147,6.431560448758319
1148,4.929255322454992
1149,4.200775632288696
1150,1.8061160148035924
1151,2.5396640981330165
1152,2.154709618311699
1153,3.99431659918082
1154,5.006073752127122
1155,1.6205178859140688
1156,2.8021160070752558
1157,1.8760741595206127
1158,4.252120144539276
1159,2.280506777415212
1160,4.2166453049703705
1161,1.552991342893165
1162,2.767063101594431
1163,4.804481150893025
1164,3.2174964289465606
1165,1.8656630711320759
1166,2.419567704311703
1167,2.9171346817615813
1168,3.7540917962141975
1169,4.68300156328678
1170,1.9362447960984355
1171,2.0396301002001564
1172,2.2189493877785935
1173,2.5837095723181847
1174,3.2847870715049794
1175,3.1283995191442955
1176,1.9486880313556867
1177,1.78220830625105
1178,4.649624070167647
1179,3.3872590020177995
1180,1.6497711986366994
1181,3.8223619723949014
1182,1.5108295945829013
1183,1.9656486914641391
1184,5.369745065554525
1185,2.345388227487092
1186,1.394961529833381
1187,1.7991631839295223
1188,5.578076476842398
1189,2.765863082702708
1190,2.3154687176443076
1191,1.6090718349987583
1192,2.761428970658926
1193,6.0926551343636675
1194,3.2403017086144246
1195,1.7569136623665145
1196,2.983264884664095
1197,3.98962278891031
1198,2.411045846306479
1199,4.183827278055105
1200,3.1113109251450624
1201,3.4353991962043438
1202,1.4473638373983704
1203,4.023805019766314
1204,4.760365351212386
1205,3.8552832964469417
1206,1.686400600763136
1207,2.3324216666514985
1208,4.910782108680451
1209,3.00828602359843
1210,1.9493825209756324
1211,4.416849335645566
1212,2.0674094385231
1213,3.757030733834199
1214,4.710378209758346
1215,1.9394378338697607
1216,1.8794984420937908
1217,1.8920034229390694
1218,3.5394346139505615
1219,6.3217687867490895
1220,3.316591511914339
1221,2.0844891055439803
1222,3.283220115311906
1223,4.060996608870482
1224,2.6328718389263486
1225,2.492484902317301
1226,3.3395630734844417
1227,2.28426004501398
1228,1.5436967083837771
1229,6.586209920190868
1230,2.81689513385345
1231,1.5394745804087506
1232,1.9517733998914082
1233,6.480670302257749
1234,2.477449276639618
1235,4.218311466680461
1236,2.3365387643202666
1237,3.418444220290894
1238,5.447705061053057
1239,3.34956556688212
1240,2.4587360857458407
1241,3.0414254750544387
1242,3.058513027317531
1243,3.1257993453295967
1244,4.560150594094466
1245,1.6398070522732269
1246,2.2611526100545234
1247,1.9964154974077246
1248,2.570982974792969
1249,5.866879307737236
1250,3.3939546582769253
1251,1.7137499450454925
1252,4.410934818088208
1253,5.324258053568428
1254,3.048978025519318
1255,2.5284117773367143
1256,3.688568204877356
1257,2.383204431705508
1258,1.9781020318819174
1259,3.2679595693930423
1260,3.176281988404753
1261,2.592902618835069
1262,2.4189228287154947
1263,6.347066704488498
1264,2.0988295888964785
1265,4.830772540626185
1266,1.9204695305934365
1267,3.9888497655060746
1268,4.811549997989459
1269,3.6102138319715777
1270,1.9239703757016287
1271,5.611030488748838
1272,2.023046800478369
1273,3.2458150719498917
1274,6.503316735430417
1275,3.805220287562406
1276,2.547462564302805
1277,1.9738015205293777
1278,5.558791290039608
1279,2.563183975332322
1280,5.694318331660725
1281,3.689091487673977
1282,7.3146150639445295
1283,3.5943019912151613
1284,3.368738304398903
1285,1.7860269849279575
1286,4.00717650917295
1287,1.8315283542174257
1288,4.262960290885076
1289,4.113313741760976
1290,4.1053642775223125
1291,2.4439894446609287
1292,1.7651237849058816
1293,3.347472650382315
1294,5.859921339437278
1295,3.779796850424191
1296,3.2636129381498904
1297,1.9772673234265312
1298,5.516064901378741
1299,5.314075528133344
1300,3.0916032213240214
1301,4.042047338641623
1302,1.8166437349204898
1303,1.7701891320903087
1304,4.536253160568322
1305,2.0522994919906523
1306,2.331635626865591
1307,3.672271361775074
1308,4.2322859231694565
1309,2.649772202645181
1310,2.0547671131444076
1311,3.361395728500156
1312,2.4493026347981868
1313,4.347362551527567
1314,3.3273022267635497
1315,1.360634790290078
1316,3.8093927828786036
1317,3.6043618992762276
1318,1.5879849557586567
1319,4.046259518334864
1320,2.537402435549666
1321,3.6273585538924635
1322,3.7373305284672824
1323,2.4304673944675415
1324,5.770360877955227
1325,2.1162034422209217
1326,1.9818986592381407
1327,3.883704309947916
1328,6.323762223863014
1329,4.337495981947541
1330,2.2790072992306705
1331,4.9068460348012195
1332,2.5524278712305204
1333,3.317785273735808
1334,4.965129756009901
1335,2.695737396504228
1336,1.7308854225707364
1337,2.557463420896056
1338,3.42463892159185
1339,5.440701849700417
1340,2.900138231065739
1341,3.779503381462291
1342,5.028132455675404
1343,5.308734569065109
1344,4.840143442161207
1345,2.846050388150161
1346,2.156919964493227
1347,4.259343557897864
1348,2.5366732865750237
1349,4.476349126046898
1350,3.1870993874022133
1351,1.9252742792309618
1352,2.6091010454892967
1353,4.31290998830309
1354,4.238723456242042
1355,2.2370347943233355
1356,1.1696785649669437
1357,5.139064426802179
1358,6.324637968519255
1359,3.431943347028664
1360,2.786735726094321
1361,3.0280834798577416
1362,3.563632189913733
1363,4.358011412996802
1364,5.169176801865433
1365,2.4847582152674477
1366,2.6350967372227387
1367,2.5168507029402463
1368,3.245167118418067
1369,7.511595854901316
1370,3.1765050736071316
1371,2.588263305320197
1372,3.2525235084003725
1373,5.23942401902741
1374,3.3347772319543765
1375,3.9498947053402844
1376,4.39438177927741
1377,1.7615171467177788
1378,3.489214817627726
1379,4.007201895195067
1380,3.102119386756385
1381,1.916059235710236
1382,1.8898078396377969
1383,6.217412901172338
1384,3.8953598820944535
1385,4.967538633048207
1386,2.506402117230664
1387,3.0462913976466552
1388,6.501825903848385
1389,3.1999906181472397
1390,3.5163749633038606
1391,3.2447468589639357
1392,2.892353150670715
1393,4.8202627064006265
1394,3.6444950338363924
1395,2.506044097447557
1396,2.8063649049618107
1397,2.050196453476019
1398,4.590421493364374
1399,6.347381324925664
1400,5.2034751361525196
1401,2.089681604213638
1402,5.895966011571545
1403,4.406258741553302
1404,6.048341906684982
1405,2.340697151565564
1406,3.7774379623010645
1407,2.737080137340854
1408,3.3984493896095955
1409,6.540244354144306
1410,4.35779092869916
1411,2.66544165954474
1412,2.899846893178619
1413,5.47968959769014
1414,5.903738220764808
1415,4.770723583896597
1416,1.331140944027993
1417,2.495922333710041
1418,4.782340738861421
1419,3.4449387890135768
1420,1.2799606737771683
1421,4.071501338056805
1422,4.993624446844478
1423,2.6884119671935878
1424,4.995725547144957
1425,3.038095570436326
1426,1.8488203359556792
1427,2.732473019580084
1428,5.374879163176956
1429,2.696781248938805
1430,2.9766011816523132
1431,2.3377319888031707
1432,4.88271897413324
1433,5.955447892492884
1434,4.366161768597522
1435,3.230722750604855
1436,4.308442294512133
1437,3.0541226370610275
1438,4.576708320069429
1439,6.1719094163154296
1440,2.778656225432769
1441,2.945552274133206
1442,1.810448129293036
1443,4.4308566808099386
1444,4.355177326884132
1445,6.138501835021998
1446,1.7710017693289046
1447,3.7746260978624377
1448,5.4591436070841155
1449,4.524729337543249
1450,2.5211034810417914
1451,4.957816177647146
1452,3.3890625455296686
1453,4.607817398998122
1454,5.722063878828067
1455,3.2151591082074447
1456,2.9543218420772064
1457,3.4394423637513682
1458,2.5229535085099997
1459,4.783686786518956
1460,5.818327465184211
1461,1.3357865956891146
1462,4.568529873344687
1463,5.217292394464948
1464,4.365175493905099
1465,2.0009315805245933
1466,3.569989644031466
1467,3.841548178828816
1468,4.819823098375764
1469,5.912916735189356
1470,2.7751071781372048
1471,3.048867026265725
1472,2.9233020312422013
1473,4.321262466715325
1474,3.5840315204432045
1475,4.329295081202417
1476,2.57634120432067
1477,6.488140924831441
1478,4.427688394602228
1479,2.716964695093793
1480,1.6944739680957355
1481,3.243881849381978
1482,3.839268982114845
1483,4.654408108322514
1484,5.5557786448252955
1485,1.9923130439183296
1486,3.0019163104775544
1487,2.543814914363338
1488,2.5380269770298582
1489,4.065339691293502
1490,5.48279370818409
1491,1.8181143800161408
1492,3.8598430215001827
1493,7.134045105502082
1494,3.0537563163916275
1495,2.420815909578778
1496,4.312426601958123
1497,3.24322069851587
1498,4.227669896976295
1499,6.567634929425367
1500,2.6934205111556366
1501,4.289342964476873
1502,4.938624924940996
1503,7.005936935359841
1504,4.568984381513474
1505,5.895731040110604
1506,2.9666645354191132
1507,4.011355527246451
1508,5.63763001254074
1509,3.4110803009866686
1510,2.6177161007844916
1511,2.8584466264073853
1512,4.689618041602898
1513,4.201039456816034
1514,5.739947784808464
1515,4.224768644091455
1516,2.9316680767519756
1517,4.184453734268573
1518,3.4667259538487087
1519,6.574855110183307
1520,4.024215195303441
1521,3.7812472633731886
1522,5.17809180270342
1523,7.481941875352277
1524,3.7967450259811812
1525,3.8243582239906573
1526,4.253508014888666
1527,4.031557200972202
1528,5.438637860866493
1529,5.981921984229302
1530,2.1436705166061074
1531,3.216106585786747
1532,3.538833191593767
1533,4.665094607719311
1534,7.7295886442288975
1535,5.514170718577134
1536,3.5620629045756687
1537,2.792128351894462
1538,7.4692191818671745
1539,5.085851017130153
1540,4.988747099977445
1541,4.7158444629908445
1542,3.038249615381119
1543,5.653809036476105
1544,5.794527746080803
1545,2.341845402501349
1546,4.518981020183219
1547,2.2974158746123976
1548,6.2853312539564286
1549,4.547781322269202
1550,4.828568471801191
1551,2.647752587868581
1552,2.55198956002414
1553,7.615987247529574
1554,4.006348426229124
1555,2.241649839612819
1556,3.788841505532673
1557,3.365694842677385
1558,4.436769153827299
1559,7.102091099003701
1560,3.1694689461792223
1561,3.0952814849724746
1562,3.5198407977459283
1563,3.750232580244301
1564,6.881662645958841
1565,6.413552132466066
1566,4.2518910683847935
1567,1.4026040843050396
1568,7.867618409528404
1569,3.9972844447779607
1570,2.4154626327131155
1571,3.0205356270466837
1572,3.4678216829493067
1573,5.597929944112366
1574,7.019131033756366
1575,2.761931172103232
1576,4.11648029009757
1577,4.943606131743763
1578,6.623810604927257
1579,2.712032061910577
1580,4.3116561465431005
1581,3.4572881527051322
1582,4.145940101288488
1583,5.94222147704204
1584,2.346601173811905
1585,1.8524143215850017
1586,4.528240894872852
1587,2.786428057616831
1588,4.97185927136843
1589,4.935763814341044
1590,2.706511348591448
1591,3.043671284197899
1592,4.200763939948956
1593,6.505725897470711
1594,3.9086089576517224
1595,6.349249348786088
1596,2.2508923293739826
1597,3.113358666703334
1598,6.359051504402032
1599,4.018571322776552
1600,2.058155874284239
1601,5.117474777270672
1602,2.940319861124408
1603,4.617812404102551
1604,7.272539549898283
1605,2.09042333387697
1606,5.14015331165956
1607,2.674271337520622
1608,3.4144441392495537
1609,6.538026616040497
1610,6.275676051151095
1611,2.241268883515204
1612,4.436128012590416
1613,6.111612864274321
1614,4.961919761733043
1615,3.6781826777532842
1616,4.810285285818736
1617,3.0999345702871324
1618,5.414558373648106
1619,6.877082868498292
1620,3.5600635829882776
1621,4.258420012847637
1622,5.535393732495322
1623,6.773829871026919
1624,4.693046821378175
1625,6.8363509578834964
1626,2.7378326904890855
1627,4.804559029749726
1628,7.141513986320206
1629,3.534544503705092
1630,2.4419943056359443
1631,4.459731340179587
1632,3.0141081788924566
1633,3.916806469315361
1634,5.24007219102441
1635,2.6621205940095933
1636,2.0385804848206135
1637,4.2181342019212025
1638,4.200680896122776
1639,6.95788245604399
1640,4.401548604471827
1641,3.392530682010147
1642,3.870456995929544
1643,4.779341068098802
1644,6.024692840876014
1645,1.5308887538803901
1646,6.677516626184115
1647,2.040076744023281
1648,6.841291238357826
1649,7.263210191413691
1650,2.0272240954827794
1651,4.393843788436698
1652,3.578205594850715
1653,4.184507090433726
1654,7.126835625415879
1655,4.4582839909603535
1656,2.1650764934151994
1657,5.917585642140693
1658,5.6836534598242
1659,5.146563088168932
1660,4.120527905536619
1661,5.841238444681039
1662,5.409356859636318
1663,2.5531079039437827
1664,7.643339000906508
1665,2.497608375299478
1666,4.884032553893576
1667,4.468636071139372
1668,7.913142693957525
1669,4.203706069554755
1670,6.514212375739589
1671,2.1864701965341737
1672,3.576365448896013
1673,7.617571681765639
1674,5.9209167730000445
1675,4.124380709222805
1676,6.470336332153238
1677,2.7378465306678663
1678,5.157055113491879
1679,7.389477767473636
1680,2.60810084860168
1681,2.754572004910642
1682,4.924345797739079
1683,5.322045968535349
1684,7.370093779420586
1685,4.303822861946628
1686,2.9720945583326284
1687,5.970590892478413
1688,7.961264146710164
1689,2.17088499554211
1690,1.511844279007164
1691,5.015220317309286
1692,2.451193538363441
1693,5.23334144634282
1694,7.751098095215184
1695,3.743365536849069
1696,3.169162513844185
1697,4.919607927737161
1698,6.334188379792067
1699,3.4429652747417094
1700,5.4040059852518425
1701,2.555210763051946
1702,6.916461971477929
1703,7.043335854786619
1704,4.556881505658566
1705,2.0005461898731483
1706,6.42410507959903
1707,4.698613237568679
1708,3.2217988214542856
1709,7.833506946548368
1710,3.03599465555817
1711,3.2863261209704433
1712,4.567628578849508
1713,7.246912434270598
1714,3.9337168807956004
1715,4.121385574420401
1716,2.1842003575079616
1717,6.100598364581856
1718,6.208368669762422
1719,5.515448545040272
1720,1.8548037115201623
1721,5.396612601939978
1722,4.4429219530657065
1723,5.211492855572942
1724,8.091809174240552
1725,4.166478947349788
1726,4.593776875651656
1727,4.692105951573012
1728,4.491317363408598
1729,6.90614373618746
1730,2.351657471972885
1731,3.509848228633018
1732,5.016741020254813
1733,7.2098148895984195
1734,5.162450615675425
1735,1.597780977135244
1736,6.847715502085066
1737,4.243134965465742
1738,3.2433568688979904
1739,7.162729940927875
1740,2.9517419103149223
1741,2.4467893053956686
1742,2.002366213487221
1743,6.519755888644795
1744,4.79230711351056
1745,4.670657031658266
1746,5.82458433868851
1747,5.206243318496945
1748,5.916071182589349
1749,5.8576287463947665
1750,5.136190425434052
1751,5.78158668975675
1752,3.7374197681551777
1753,5.105893166760779
1754,7.05509622772388
1755,2.9962764879301176
1756,2.906072444559868
1757,2.867423924375089
1758,5.183365242436594
1759,7.650272197058712
1760,4.189940992416268
1761,3.187276286418637
1762,5.1761037343922
1763,6.807411438496274
1764,5.3912974315371684
1765,2.2050238501233252
1766,5.980888229144512
1767,4.97934330027465
1768,3.9924397501790736
1769,7.219382037597825
1770,4.39360294651533
1771,1.8820697475894121
1772,3.8888881506804864
1773,3.674560177220883
1774,7.261167568559358
1775,5.9830528158390734
1776,2.759029256586473
1777,5.17585901567918
1778,5.43743841444666
1779,4.834802751711777
1780,2.300452360293093
1781,5.309288190532698
1782,2.662164033757108
1783,4.345578743479109
1784,6.357307219557697
1785,2.0021378331007327
1786,3.7611128755079335
1787,2.9344959016939356
1788,6.630663456058755
1789,3.557495385092352
1790,2.6046314704667566
1791,4.6908924872459465
1792,6.151206939583062
1793,8.74527323118491
1794,5.78005846018732
1795,2.5835971463288843
1796,4.754024125254091
1797,5.1452958802974536
1798,4.808621557132938
1799,5.879291509451377
1800,2.197662232377752
1801,1.4133580036418607
1802,3.0030383528765014
1803,4.268150496172893
1804,7.647199361626917
1805,3.0396400057447863
1806,2.573435118204543
1807,4.521237457235202
1808,6.1736129475693815
1809,5.53977232943862
1810,4.828483060875442
1811,7.291314695713936
1812,5.781052172467753
1813,4.341558467555387
1814,5.989020247379813
1815,2.2286174523692353
1816,2.1966316451798775
1817,5.0848206499204025
1818,5.636920801792712
1819,2.8708942544553793
1820,3.727701839162819
1821,2.5195547818525483
1822,4.342243650507044
1823,6.960215187473295
1824,6.730430934048854
1825,3.010101465666594
1826,7.2089763489889265
1827,3.834991223418001
1828,7.038655519022086
1829,7.3662199562209025
1830,3.477546409839306
1831,3.3434948482995424
1832,5.08807089753418
1833,6.442184018008902
1834,4.295821761709703
1835,1.036639047205881
1836,2.8242623445421486
1837,7.83632171555746
1838,4.466992783340629
1839,7.207848846278466
1840,5.061585324202042
1841,4.4874682167123865
1842,6.487839730312771
1843,4.665479892121311
1844,7.921212989729611
1845,2.852383456964162
1846,4.504109934855933
1847,4.25902555129187
1848,4.798671134298729
1849,6.551816697066897
1850,1.5300182423929982
1851,4.0854339929642265
1852,6.281436634982583
1853,6.870145847565254
1854,6.045850723215608
1855,2.538365241043266
1856,4.587825447696559
1857,4.195541181804856
1858,5.986484964866122
1859,6.408489282518985
1860,5.226389487271717
1861,5.366523822001
1862,2.236695530213183
1863,7.947014427315025
1864,4.303993378302039
1865,0.8386103483799161
1866,2.676524534737382
1867,6.582281661734669
1868,6.411593530927348
1869,5.816118777465363
1870,3.30668984043632
1871,6.387819025495446
1872,5.007805887658833
1873,5.754902367915747
1874,7.478211569364703
1875,3.4142201964514243
1876,4.605472194658432
1877,4.161615338557567
1878,4.406658555722515
1879,7.4218551350491
1880,4.181386919527995
1881,2.3347113252393683
1882,6.785977873707907
1883,8.047407997975824
1884,7.077309846900334
1885,3.640524459338394
1886,7.701992409094146
1887,6.205718796445581
1888,5.100212070446105
1889,6.479593995225969
1890,3.045606162443164
1891,4.71282129723113
1892,5.039200801911193
1893,3.406228489192017
1894,6.6694302138853345
1895,5.673678610684419
1896,2.8313578498969036
1897,5.582280840552357
1898,7.099946536718107
1899,7.0358840283374775
1900,4.872062298337369
1901,6.629671373251767
1902,6.108768571395558
1903,4.699757753292033
1904,6.588433273573173
1905,4.462018717767478
1906,4.621782327091296
1907,3.338832574279877
1908,6.768874981607041
1909,3.8255004149032175
1910,3.158572280275166
1911,2.2351448936765337
1912,6.324374671580699
1913,6.623416531515886
1914,7.331317386824594
1915,4.047164859291115
1916,6.231291142083592
1917,4.220683345122779
1918,5.269126349464841
1919,7.8829919807362785
1920,4.111163973135717
1921,1.962972458628883
1922,4.8192408058735055
1923,3.472634491110057
1924,7.805114659259289
1925,2.361604934357274
1926,1.6583386864435852
1927,5.679541880997931
1928,8.158323563733575
1929,7.927577563277282
1930,6.154502233964649
1931,6.336239687238958
1932,5.708513812478941
1933,5.7550007261452265
1934,7.749166699588841
1935,3.073466849299166
1936,1.2508573885188525
1937,4.934165326656057
1938,6.475316980049229
1939,3.448112910486998
1940,2.0869590530237474
1941,1.8932073641390161
1942,6.871893958609689
1943,6.152252965498519
1944,6.728380662974359
1945,3.88754656435367
1946,6.7322696920932685
1947,6.20063024687488
1948,5.6912382500718195
1949,8.562305409177043
1950,3.345416113281317
1951,1.837727881488263
1952,5.096312655441579
1953,3.3853065033026724
1954,7.088429117844953
1955,2.662393032471755
1956,2.897884119385253
1957,6.3563213110019205
1958,7.724233579881002
1959,7.97903548093791
1960,3.612093561855545
1961,6.059540602801462
1962,5.426260736086533
1963,5.743640965560189
1964,7.60147284846289
1965,2.512482131411616
1966,2.8346485528136327
1967,3.5702588228909917
1968,4.698360376802611
1969,7.827547694587793
1970,2.1682859116413056
1971,4.828576115867236
1972,5.576804552228168
1973,6.329441256026712
1974,6.4582846481253
1975,5.322789952408584
1976,5.520921136500419
1977,4.765703966044839
1978,6.208048969779611
1979,7.198152205282895
1980,3.2098910262243407
1981,3.995908896763467
1982,4.586108349689312
1983,8.298647323272235
1984,5.949988128533278
1985,2.4866202659873125
1986,3.1703017176146204
1987,6.503521060299136
1988,7.755987957237721
1989,7.808153272533673
1990,5.096673305426975
1991,6.588078487440725
1992,7.039506177359726
1993,6.051931788239472
1994,7.9122689973150955
1995,3.0408148392675685
1996,6.203340257236505
1997,5.170757631355173
1998,4.68443211347585
1999,5.962403945899496
2000,2.562597027105312
2001,3.0497644541737827
2002,6.522868165848649
2003,7.238083220828685
2004,5.998592564552382
2005,3.1794044383523214
2006,6.675979105462375
2007,7.484602992461532
2008,5.453535161473155
2009,8.630167001654627
2010,2.0859109346743026
2011,3.8195976915180836
2012,5.076500453316839
2013,5.686517186190031
2014,8.028404158182184
2015,2.087157050874339
2016,2.357726180905047
2017,7.3341628702837625
2018,7.338247624506039
2019,8.741503973823
2020,2.3738538501643234
2021,7.5056223866345135
2022,4.412916461699297
2023,6.3703011793709265
2024,7.1520181738465
2025,2.3617473055387563
2026,5.370225076158931
2027,3.924065325522406
2028,8.265893435508133
2029,4.3218851254555375
2030,2.9880577999365414
2031,4.6440923482641665
2032,6.319918157203574
2033,6.704758444735944
2034,7.644967559443103
2035,4.290701047040784
2036,7.9060949892982535
2037,4.157702070807318
2038,5.68741293300036
2039,9.071962323851494
2040,3.5077880380385977
2041,5.715213073376617
2042,5.3918143128184965
2043,5.450779199110002
2044,6.556786360915794
2045,1.9838647274987125
2046,6.8528892894692035
2047,5.1154347080714615
2048,8.190339229226538
2049,7.035387305643781
2050,3.8783277962957072
2051,5.91751802442559
2052,6.442651125596512
2053,6.251857921207375
2054,7.6388345389545975
2055,2.9986594485553724
2056,5.490777093734778
2057,4.959026409332182
2058,6.755393878282121
2059,6.362436469265958
2060,1.7657147085424185
2061,2.336532753157826
2062,5.451369338342829
2063,7.077401613385973
2064,8.035378570661578
2065,2.2690141122784553
2066,7.3757897626114755
2067,6.206806628867525
2068,6.619209641809448
2069,6.943087769076101
2070,2.263665039525222
2071,6.465621829055635
2072,4.9264556071689185
2073,3.8712704638805917
2074,6.211371136955222
2075,3.613717462867953
2076,2.6801988988349876
2077,6.805811950347561
2078,8.890338053252435
2079,6.282585464913609
2080,5.320325805157609
2081,6.469660352332539
2082,6.020251437402294
2083,5.730683910212974
2084,7.327640448796046
2085,5.042739012392758
2086,4.871591622335018
2087,4.654691206519601
2088,5.369554331255586
2089,8.186982006315702
2090,4.162231784062442
2091,3.306581770667435
2092,5.664673569082879
2093,7.810858353832828
2094,7.2317166267539505
2095,4.239279736585559
2096,7.166269562896559
2097,3.538070765519933
2098,5.999467660067239
2099,7.8575789528358655
2100,4.1957945150552405
2101,4.830393713370086
2102,4.789932076247624
2103,6.818208272663469
2104,6.262351826463146
2105,4.107854290547493
2106,3.7975921982792897
2107,6.1243730739975035
2108,6.239990205276172
2109,7.2165232975658
2110,5.281765862280281
2111,7.488326612299716
2112,6.29117823732031
2113,5.307812832545096
2114,7.931273058845363
2115,3.185131364766221
2116,2.934042140152542
2117,4.994891227353037
2118,5.6534268018635885
2119,6.786824322060056
2120,4.027050778877765
2121,4.6658087567748225
2122,5.323476061518704
2123,7.963847627484938
2124,8.91119753255316
2125,4.804265949481305
2126,7.12469843217832
2127,6.49781016533143
2128,6.579316358596316
2129,8.096891901767322
2130,1.2997744662247896
2131,4.360073693640516
2132,5.631064554829209
2133,6.611788797027657
2134,2.5449493936966974
2135,2.631089868374147
2136,2.8004189556172605
2137,6.62097528715276
2138,6.7712687843804815
2139,8.549247921837832
2140,4.7694884543757325
2141,7.10220196004957
2142,6.014440716257468
2143,6.952376596750582
2144,8.40256810819892
2145,5.39392413420137
2146,2.7842985113256873
2147,4.622505119200014
2148,6.595045390349696
2149,6.322556182380595
2150,5.320649041213983
2151,3.2355056331193737
2152,6.664894980297959
2153,6.431407185243643
2154,7.14907700551521
2155,3.8194659532632613
2156,8.116778591728234
2157,6.37896609434938
2158,5.829659837415875
2159,6.342860595747879
2160,2.9113765848842377
2161,4.9828648797629285
2162,2.744338133330075
2163,3.9547323302926998
2164,6.8494301322270985
2165,4.019160988332715
2166,3.7554511848461516
2167,5.054405643718837
2168,7.287974025512995
2169,7.067538604548645
2170,4.73249647678449
2171,6.748510162135972
2172,5.735425742834195
2173,5.361044001236678
2174,6.899512816959032
2175,3.9639249933293286
2176,2.9080466097825592
2177,4.398092362938769
2178,5.803926697319639
2179,6.131962982868572
2180,3.4249220794677058
2181,3.307417040128257
2182,5.783096239671522
2183,9.085035901549418
2184,7.296209735361572
2185,5.321639531302935
2186,6.769884618659944
2187,5.826875334907527
2188,5.606151556188252
2189,7.231659883746488
2190,5.178372961319383
2191,2.279042541461422
2192,4.640639160160845
2193,4.14745069188757
2194,5.781352532794244
2195,5.123534683153139
2196,4.774617512222449
2197,6.5860956974001965
2198,8.198120050468333
2199,8.598427944879859
2200,2.159671570426326
2201,6.892890662462378
2202,5.327275374018427
2203,5.784536146360551
2204,8.39012177997347
2205,2.618955420092334
2206,5.186194976855859
2207,2.1390169948981566
2208,5.0230488666284145
2209,3.8525924432196916
2210,3.6962497783724757
2211,2.9085956426220037
2212,6.492484115858588
2213,7.033622958968408
2214,8.830011515587557
2215,5.7747355789174435
2216,8.614497037315232
2217,6.007391475958229
2218,6.5402337316404555
2219,7.651399369799947
2220,4.032572002166489
2221,1.4691361417885673
2222,5.243344431395144
2223,7.5488582454058815
2224,5.435613265196025
2225,2.5116598564500237
2226,1.9829679010681502
2227,7.021203998027431
2228,8.782815955528804
2229,8.164342931550891
2230,4.3607649369878345
2231,6.46607160036956
2232,5.852410310165396
2233,5.68755416041904
2234,8.497587456722613
2235,4.576579449789733
2236,6.548130445535207
2237,1.7914128539287049
2238,6.079231130177504
2239,6.125400896724386
2240,3.399721938667426
2241,2.3095867434844877
2242,7.394853253775182
2243,8.237288077179528
2244,8.529803729417381
2245,5.570868625716685
2246,4.098344461754095
2247,7.196989660928011
2248,6.042609259388428
2249,8.025206530508058
2250,4.849819502883747
2251,3.8967023071904805
2252,3.9179185821512874
2253,6.21512500055087
2254,4.788700212294316
2255,2.4969211871189145
2256,5.780319991748911
2257,6.22363591844578
2258,8.357926880052673
2259,8.187437180646157
2260,5.289623824613045
2261,7.512675595256496
2262,3.8915011469748606
2263,6.736442300047656
2264,8.29302796343427
2265,4.585595995416952
2266,1.8650142678961856
2267,3.6532900658262406
2268,5.490553979797369
2269,5.657899886578889
2270,2.9386981787579316
2271,6.289233189267179
2272,8.458031395237867
2273,6.393861734413804
2274,8.356052610311053
2275,4.669540267742832
2276,6.873661977345819
2277,6.063850387589355
2278,6.870446792660005
2279,8.425173057386928
2280,4.7863302212917915
2281,2.883858152618359
2282,3.1802134158419904
2283,5.5785648060318636
2284,6.646849234489764
2285,1.7730093921572916
2286,2.7021129808154
2287,5.160528445473574
2288,8.171181066615645
2289,9.140062184208091
2290,5.409963743178196
2291,6.619236347068181
2292,7.727112989991838
2293,6.644012575246052
2294,8.519457170283658
2295,6.159321945532156
2296,4.722322494207674
2297,2.5134210317223733
2298,5.887493321967668
2299,5.715030575457604
2300,6.270431261496469
2301,2.413425335394095
2302,5.929766194373315
2303,7.849840547429267
2304,8.490227572001459
2305,4.667918089540763
2306,6.996289401843114
2307,7.181731070592832
2308,5.724602708305156
2309,8.185859613651246
2310,6.3028049650688445
2311,3.051997822416979
2312,5.60358800597578
2313,5.294163230570575
2314,5.988457286121047
2315,3.3852909666588857
2316,1.753098347948253
2317,7.092315569303537
2318,7.295796927852734
2319,8.71557151496927
2320,4.111075942701518
2321,5.79563507261264
2322,4.907065961782337
2323,6.6776346626593295
2324,9.149764651326223
2325,4.604140357467259
2326,5.432434444761839
2327,3.2686796991865776
2328,5.840771420159854
2329,7.21316401724971
2330,4.154531167384448
2331,1.750034844239508
2332,7.340767879755276
2333,8.723971057331255
2334,10.111199871485042
2335,5.085851443965566
2336,6.73522907768529
2337,6.463119097334584
2338,5.4978850592669914
2339,8.359947040071802
2340,5.322362899393738
2341,3.239720840868813
2342,4.215052616673802
2343,7.474497020204581
2344,5.689623188796759
2345,4.17085562424154
2346,0.9773069924553965
2347,6.7732998234137085
2348,8.65625190913488
2349,8.339889458439757
2350,2.7947349956807557
2351,7.982302185723711
2352,7.406718748174626
2353,5.973306181604585
2354,9.94074071600653
2355,3.7316318317189143
2356,3.8037253558741213
2357,3.1752109214862685
2358,5.930270217427733
2359,6.799230241982514
2360,5.558719035403556
2361,0.6729769494763786
2362,7.852968713287737
2363,7.803455595792002
2364,9.906073875155926
2365,3.1071114727210443
2366,7.593220091781859
2367,8.26996666345076
2368,6.785064300579052
2369,8.672203429126967
2370,2.9717571522010076
2371,4.400412225780201
2372,3.5387115225016714
2373,5.986862438976914
2374,6.141620764411073
2375,4.609601611383823
2376,1.2088181386675387
2377,7.39871249755879
2378,7.834570679821354
2379,8.846894888376482
2380,3.105770218034195
2381,7.405496382233196
2382,6.506649714350715
2383,7.130406323771695
2384,9.728682596891758
2385,6.0580255658692295
2386,4.371914224828288
2387,2.8532099035860483
2388,5.217600795203452
2389,8.289107358600631
2390,3.095002260642559
2391,3.1526088331061146
2392,7.977245578675593
2393,8.079775058112318
2394,9.782436691131352
2395,4.642503856422081
2396,7.252427478642858
2397,7.166945823814331
2398,6.460703819819173
2399,8.694059182892943
2400,5.060587777169076
2401,2.6170605370916746
2402,4.518098592974184
2403,3.215932587514999
2404,6.455779614462699
2405,3.606452073246146
2406,2.122221720003381
2407,6.149503280196768
2408,8.052914557445547
2409,8.03239430639178
2410,3.6956763310904535
2411,6.065124974931678
2412,6.617483201242976
2413,6.787140179415019
2414,8.719455541311163
2415,2.6370897912215696
2416,3.417724112984615
2417,6.309118096146449
2418,8.922537506246044
2419,2.894800289586783
2420,2.9578056255249976
2421,2.003463240178462
2422,8.313880836285989
2423,9.098326738736887
2424,9.69900301213147
2425,7.344730868610895
2426,6.571660704661099
2427,6.359879004557115
2428,7.8672573762596585
2429,7.923150101409647
2430,6.192535569336087
2431,3.054787734456113
2432,2.246047042037844
2433,2.799826701596885
2434,9.961389584161225
2435,6.1837410862513025
2436,4.842538499009152
2437,7.340738237048754
2438,9.214475956932802
2439,7.677400789219973
2440,4.99715128820344
2441,6.71109147677862
2442,8.274862194282377
2443,7.637202733209961
2444,8.489509930104305
2445,4.293373241284371
2446,4.098378753193629
2447,1.9831022391226725
2448,4.212905400422642
2449,10.053506874471168
2450,5.016933481715114
2451,5.1978922992175285
2452,7.514452708227964
2453,7.8410921341001085
2454,8.824312508493222
2455,2.4501082289812075
2456,6.712834964011563
2457,6.61609035788797
2458,6.313345332139761
2459,10.281819753489799
2460,6.307290084394481
2461,2.2784449915511686
2462,5.316449542861847
2463,9.11718531135375
2464,3.236892612014344
2465,3.655509869644902
2466,4.235880688598172
2467,8.047401236429323
2468,8.871355798964032
2469,7.5615381533039
2470,2.9975444110573335
2471,7.318004429588655
2472,7.8305277436052165
2473,7.136220554293686
2474,9.317628408496148
2475,5.612992419339662
2476,5.1411033540894095
2477,5.156218478833125
2478,0.958227198350869
2479,9.904996415065398
2480,3.2755370018539907
2481,3.468773656284611
2482,6.772043787190796
2483,8.276338989856413
2484,9.306526172397298
2485,4.603704104242297
2486,6.770982507532608
2487,6.66020984887291
2488,6.615613929260235
2489,9.173052523658043
2490,4.2395325403463175
2491,4.474006656178517
2492,2.0465443171592597
2493,9.224628608270905
2494,1.9743419547235135
2495,4.906377020106447
2496,2.8906663001366724
2497,8.076111015998777
2498,10.0181601907625
2499,8.712461638293462
2500,4.423999675177583
2501,5.919996611890838
2502,7.871577798388898
2503,5.88968513086229
2504,8.04362590221217
2505,4.429832984134919
2506,3.1645594825049557
2507,3.732521170623386
2508,2.160453606255942
2509,9.939808279515546
2510,6.2706744534011705
2511,4.077272909436033
2512,6.725673817016286
2513,9.797008193565489
2514,9.681813231611613
2515,5.598344481498316
2516,8.739831720227812
2517,7.710189936409279
2518,5.838743657318901
2519,8.71805921123132
2520,3.410797354168153
2521,4.855905301630173
2522,2.85077548283698
2523,1.1756371589872288
2524,10.669257721965096
2525,4.764599385476686
2526,4.30420143774154
2527,7.846000420751352
2528,9.628067471744544
2529,8.526411104932777
2530,5.366905449336173
2531,7.009743467334374
2532,6.5360955970782015
2533,6.825841907937047
2534,8.356336270345764
2535,6.0796207635257815
2536,3.0834921971800213
2537,5.9922360198397655
2538,8.795343314241109
2539,2.741962266470182
2540,5.442601195371026
2541,2.566959636473257
2542,7.999870191300033
2543,9.343790039073156
2544,8.820142615552868
2545,3.2747716753069653
2546,6.750512949031872
2547,7.724706278594567
2548,7.1393663651151655
2549,9.438132683488675
2550,4.864379742808524
2551,4.841946075506712
2552,2.107916831667353
2553,2.1254121614342694
2554,7.242580018502849
2555,5.341966172650245
2556,4.1260163228294005
2557,8.681911445753485
2558,8.721724257897222
2559,9.104866702161416
2560,5.7508218286452575
2561,8.540986297576637
2562,7.578559679763657
2563,6.808168347614355
2564,9.070727709782659
2565,5.917665553451116
2566,5.240626393587263
2567,3.238123762896521
2568,7.169147266150503
2569,3.534113384280772
2570,4.131187097727889
2571,3.6878556820770427
2572,9.274477558003127
2573,7.965495657637348
2574,9.356061738707467
2575,4.012900180940505
2576,8.423998110648881
2577,6.988443690916938
2578,8.24462968079888
2579,8.554699990492281
2580,6.2886982602231
2581,5.181965894586028
2582,3.747804298306164
2583,6.987600041405585
2584,4.0903088986210605
2585,6.523224618344557
2586,4.865644521617469
2587,7.69425920486492
2588,9.398034664491206
2589,8.778340876368475
2590,4.067429115125378
2591,8.323861528941052
2592,8.605947693188227
2593,6.24224675566802
2594,8.757929159694413
2595,4.218146879401047
2596,4.2730149158496715
2597,3.451170388279479
2598,3.949019332386797
2599,6.989741386980313
2600,4.6981538999052646
2601,2.7933937068128216
2602,7.0328254963988
2603,8.873794181694393
2604,8.221591451835138
2605,3.125721025851817
2606,6.039028380552736
2607,8.16555229525784
2608,6.927658138147308
2609,8.582365148954523
2610,6.933339796438759
2611,5.229314995992354
2612,2.452314271837622
2613,4.52101244376172
2614,2.94005356474554
2615,5.281214421825553
2616,3.056421217427669
2617,6.237550431463205
2618,7.893753356054276
2619,7.9439216477221635
2620,5.750134483679631
2621,7.788573070229177
2622,9.67597811934047
2623,6.594011849947492
2624,8.580745338714223
2625,6.552525186705225
2626,5.74142307650709
2627,2.379973615644758
2628,4.738660995151804
2629,5.435913044038898
2630,7.404474859446509
2631,1.6779886977742535
2632,7.274151745066774
2633,9.348201814977074
2634,7.405157922517446
2635,5.250417593255861
2636,5.905925201084756
2637,8.10179460811014
2638,6.844249534304254
2639,9.48036916794581
2640,4.224602357593994
2641,6.093165493904053
2642,1.8518795947420585
2643,5.3093663692511655
2644,6.070697576328257
2645,5.708688992750922
2646,2.8038498162654832
2647,6.470289579504879
2648,8.551507452724309
2649,7.702704359905965
2650,6.764388067875643
2651,7.5052891056584485
2652,9.625504697728047
2653,5.746140718898005
2654,8.619666724703166
2655,6.825727551509772
2656,2.6858905010612943
2657,4.759808225665438
2658,9.492928904318433
2659,4.540176854083711
2660,5.444974190940684
2661,3.8949738447468008
2662,7.987463856391059
2663,9.51649962898182
2664,7.989114895794955
2665,6.623675445539902
2666,8.13285259301756
2667,8.271870299522107
2668,7.695830687993293
2669,8.224881301141522
2670,5.024042661397743
2671,5.153223290655205
2672,1.5554261794463855
2673,4.012407366076786
2674,9.413879250579157
2675,6.642213487312347
2676,2.912444585292633
2677,7.939373906866422
2678,8.868252037941602
2679,7.620324910772979
2680,5.922474675210651
2681,6.885516661724978
2682,8.668367114697048
2683,6.7353873079837285
2684,8.568436048918556
2685,6.035997692631099
2686,4.9630896272833525
2687,1.7530839030382595
2688,8.841826367885005
2689,3.0730382915689916
2690,6.378264120247422
2691,4.574572844335762
2692,7.780956037278884
2693,10.550951311686276
2694,6.8356366874013474
2695,3.5563948120807254
2696,7.295273594594164
2697,7.8578897685624725
2698,8.195294462221682
2699,7.566487974906067
2700,6.085173853726246
2701,6.8690275483968435
2702,1.3828733835489402
2703,9.700240062904413
2704,2.8221007926481434
2705,6.958266675189407
2706,4.903634911664085
2707,9.300079855838703
2708,8.743569978046708
2709,7.437022042146964
2710,4.739934386765526
2711,7.6547880636831
2712,7.979919840463026
2713,4.74537457714996
2714,9.611377428314881
2715,5.784582045901971
2716,5.999723620886016
2717,1.9310092392538536
2718,3.9461502587732866
2719,9.593355242118832
2720,6.293302029831466
2721,4.898933952896641
2722,7.815050361240537
2723,9.255980274111607
2724,7.867791482470238
2725,6.323438528272618
2726,6.493506971496572
2727,8.572677813939663
2728,6.8986321412976395
2729,9.942238935464047
2730,6.285159504531748
2731,3.0258843106698805
2732,3.649723254404762
2733,9.117354705820617
2734,3.090540777924616
2735,6.757433235399276
2736,4.65339613795777
2737,8.064592355938203
2738,9.44146942129646
2739,8.969603299412029
2740,6.011441586950696
2741,7.710308791153693
2742,8.696813752119397
2743,6.393041822077976
2744,9.405465330845345
2745,6.359655050498532
2746,6.150676266830487
2747,3.8092172615115487
2748,3.9198957970670563
2749,5.3509421521962395
2750,3.782231245989351
2751,6.765614155441199
2752,9.792096271266928
2753,8.245625806165208
2754,3.5731660862020362
2755,7.887657762895742
2756,7.982503405024545
2757,6.752923617096258
2758,8.669299683902409
2759,6.779150486214348
2760,5.1208436747374435
2761,4.601349705922075
2762,1.906350675156773
2763,6.486498654183833
2764,4.048521564092425
2765,9.101932647074591
2766,9.002142033969449
2767,8.68187269548298
2768,4.560194079945177
2769,7.173609301597935
2770,8.749465762284672
2771,6.414874816536667
2772,8.620830811203632
2773,6.012300787178901
2774,2.1520760931193763
2775,5.28098543776332
2776,3.587777198425556
2777,5.700581575967135
2778,3.582553848603766
2779,8.840207590114005
2780,8.590819941675818
2781,8.165978579872899
2782,3.3735957506773957
2783,8.307573524738018
2784,8.26224345919536
2785,6.786020689698489
2786,9.312776538456092
2787,6.250329238877384
2788,6.663518566807397
2789,3.8165756851044534
2790,2.6258349731347153
2791,7.418310722767728
2792,3.7098804304841906
2793,8.701716459222098
2794,9.00829446858097
2795,8.168685794554676
2796,3.5679973925821287
2797,7.147739945122339
2798,8.545638453484571
2799,7.996630595768238
2800,9.790702305248942
2801,7.870955940769818
2802,4.468323650990897
2803,3.0530902249452083
2804,3.9644959733386713
2805,5.250184822935353
2806,4.429707614693598
2807,9.008493306958371
2808,9.790601236877137
2809,9.148962806084455
2810,4.625010529874544
2811,7.959191221190849
2812,8.5514499149117
2813,6.672496141166448
2814,9.043392155565925
2815,6.546405899926867
2816,6.759758170101577
2817,3.2530479659599223
2818,2.6020950603201527
2819,4.105667258448193
2820,6.161465493179094
2821,9.292728209507459
2822,8.320563510078046
2823,7.870906572943568
2824,2.751514168734502
2825,6.825964221317918
2826,9.192068091510464
2827,7.206825232171468
2828,8.88288536850223
2829,6.349285857016639
2830,6.603875633931693
2831,5.072362681529285
2832,3.0266632740949717
2833,5.171797686679383
2834,4.667019141562832
2835,8.284627490156709
2836,10.05021739339827
2837,7.701418874143201
2838,3.971625096315165
2839,8.254904992485535
2840,8.085393659685906
2841,9.439939547785798
2842,9.774614386663416
2843,7.767889605820983
2844,2.133030081866764
2845,5.770658808493863
2846,5.232638033066905
2847,6.221031128815866
2848,3.2752144462824617
2849,7.332320134713427
2850,8.9875534093444
2851,8.907112783188495
2852,5.785314025697062
2853,6.754072864778209
2854,9.4365486674169
2855,7.810254012450969
2856,10.000483048804654
2857,7.337158434705088
2858,7.523477875556182
2859,4.182736816751003
2860,3.509112953069689
2861,5.982208082785746
2862,6.103868206250354
2863,8.307538792498235
2864,10.03606632619676
2865,8.664794753779915
2866,5.738850027462831
2867,8.803447240946753
2868,8.270956966932772
2869,7.84500588738274
2870,10.256887992016345
2871,5.613117610357676
2872,7.795165383382482
2873,4.0168168717996195
2874,2.279671374264126
2875,5.065729299412851
2876,5.246641300847841
2877,9.511236422181355
2878,8.63437177279502
2879,8.714192370178353
2880,6.810745341737402
2881,7.209961947983629
2882,9.379672013411437
2883,8.798099212984198
2884,8.23352216271951
2885,6.480564490062989
2886,1.7573238166428382
2887,7.398924310955408
2888,2.4793114938720464
2889,6.285635743743114
2890,6.9859895423342095
2891,10.274586092185473
2892,9.770180981055091
2893,9.640093113904186
2894,6.484851623122722
2895,8.15815476691023
2896,9.076995885448923
2897,8.338371047672808
2898,9.301317418613507
2899,6.434877665652039
2900,6.571907177206867
2901,3.440100191903184
2902,2.619205011800659
2903,7.663888415070687
2904,6.953772066241072
2905,8.96058609078682
2906,10.354712017561724
2907,9.561404764004237
2908,4.942628570076522
2909,8.765312354803427
2910,8.565591726508046
2911,7.804704160012534
2912,9.511268677953012
2913,6.8235626292294
2914,7.4789303495172135
2915,3.6604311944065557
2916,3.3673221156727777
2917,6.177475977293398
2918,4.377891178728078
2919,9.611441013175863
2920,8.435938549113871
2921,9.757186640867985
2922,7.147898590095338
2923,9.108615136563003
2924,8.36715891497579
2925,7.892802599912102
2926,9.390930059586935
2927,5.673916986761924
2928,6.355977445489771
2929,3.4079786220659116
2930,3.153841744163401
2931,6.785987244282296
2932,5.5781277396126825
2933,8.076329618726504
2934,8.722647909223724
2935,8.742048543803321
2936,7.199383663150456
2937,8.723705176774274
2938,8.223473135171389
2939,9.037347743116698
2940,9.407065341300495
2941,7.057165101932696
2942,4.380344365207748
2943,5.166041101730116
2944,2.6572011026619293
2945,4.261862974484302
2946,5.77462245088509
2947,10.508416614470207
2948,9.781704789486867
2949,9.479268593754114
2950,6.668091246824133
2951,8.308086141276817
2952,9.334672151157974
2953,8.965848744835057
2954,9.015833569425013
2955,7.011815945377293
2956,2.655733500191218
2957,6.767646285527917
2958,1.0610336759586971
2959,7.783795450191974
2960,1.886997961261386
2961,8.829140309379909
2962,7.9747383551161874
2963,9.307225195706451
2964,5.823947290552951
2965,8.220208447227833
2966,9.183283272370318
2967,8.454118196004856
2968,11.069866009997895
2969,6.401051877950522
2970,6.687573434831393
2971,5.2800213611117215
2972,4.4640319067507335
2973,6.549926827222862
2974,1.6037187842680396
2975,8.961518239483212
2976,5.4370011186383636
2977,8.843746888333953
2978,7.423509499624288
2979,9.519077880070654
2980,8.868141553492023
2981,8.534975479143668
2982,9.617398931689877
2983,7.828587899141894
2984,6.04356041402707
2985,2.932831999514292
2986,3.7188562989035745
2987,6.464167556581742
2988,6.030587323521559
2989,8.22290480705351
2990,7.891451681755825
2991,9.262341749667485
2992,7.466416667266003
2993,9.390722828127764
2994,8.804522841263406
2995,7.982206218055126
2996,9.728893230208087
2997,5.8745610832888815
2998,3.836947294577385
2999,7.873097027427775
3000,2.489990190064418
3001,7.598943061238515
3002,6.497479528678923
3003,8.20944216975795
3004,7.1512425714672645
3005,9.889961891926305
3006,6.404828809712853
3007,9.209647279024466
3008,9.996733765401586
3009,8.613099247437276
3010,9.560374219917321
3011,7.492185031038844
3012,7.359885682763434
3013,2.7829511833010656
3014,2.4070997277563038
3015,6.3740059115070835
3016,2.7998226023250936
3017,9.423702256242905
3018,8.558468049307066
3019,9.633935347952502
3020,5.5515451826859135
3021,9.378934368255159
3022,7.634782259243366
3023,8.61046102740238
3024,8.211879230943396
3025,7.361577521229719
3026,6.612312572132396
3027,3.372654446787692
3028,3.2533812029614637
3029,7.050368885794796
3030,5.534960668932399
3031,9.237484506065357
3032,8.243646202408854
3033,9.978194593468288
3034,6.957804260357534
3035,8.865427978919797
3036,9.517606403029276
3037,8.464621468756377
3038,8.676217645215274
3039,7.214997451583713
3040,7.1752010094819525
3041,3.804358906248126
3042,3.093982679955843
3043,6.5232978299591196
3044,7.504222475699862
3045,8.819924053441355
3046,10.782062821518593
3047,6.25939845711946
3048,9.895496934580478
3049,8.910909529215132
3050,10.601518314505483
3051,7.106353102989942
3052,5.944215979510318
3053,7.70096105561106
3054,5.5075815095706275
3055,5.18065849321556
3056,7.378428181470554
3057,5.429268426292765
3058,9.161349713667732
3059,10.611386274571032
3060,7.062040143834565
3061,8.601599338046071
3062,9.836597318261283
3063,8.265911773051812
3064,9.779338020611249
3065,6.984635728907961
3066,4.925723402835956
3067,6.593651391291587
3068,4.576465225282391
3069,6.609704515634348
3070,6.115809369941871
3071,9.057932762327255
3072,8.489464559248518
3073,4.47551367776623
3074,9.083229657241645
3075,9.450546471517555
3076,8.635019147343883
3077,9.17114921172788
3078,7.278728403215609
3079,6.752933452323305
3080,3.9700785452391756
3081,4.087060994938383
3082,5.637609510834409
3083,7.03368262111735
3084,9.127669257050002
3085,10.30466035539257
3086,7.34062676459007
3087,9.575821080280548
3088,8.585743215445746
3089,9.950764623053146
3090,9.868784583878096
3091,7.974178547991414
3092,8.055889985397698
3093,3.8281512412777374
3094,3.0190608489306214
3095,6.416823566499261
3096,5.259938749180492
3097,8.857688314154075
3098,9.209997022611333
3099,6.183272886242321
3100,8.416912804307685
3101,8.237353049437388
3102,9.61159827035317
3103,7.834104594254313
3104,7.367174749317201
3105,5.134163556697786
3106,3.4900445446887716
3107,6.117575020498862
3108,5.640637143006643
3109,10.38084704470566
3110,9.485792865460098
3111,6.050366249811304
3112,8.234883997981797
3113,7.061706684477031
3114,9.215369676954197
3115,7.4503636155809545
3116,7.64288846845011
3117,4.999168877923694
3118,2.2917223023582665
3119,6.175682869066804
3120,6.664967760895252
3121,10.02315506811783
3122,9.488716165289134
3123,5.80914402748931
3124,9.394952855949668
3125,7.378491393243621
3126,7.949020012077199
3127,7.5353053945500506
3128,8.367454896065283
3129,5.121214235947264
3130,2.6272285429527074
3131,6.165966848802782
3132,6.11158752928668
3133,10.055320002488315
3134,9.43984085358079
3135,7.925163393429557
3136,9.438855528216664
3137,8.06992785057173
3138,8.505304195710323
3139,7.450728566043836
3140,8.815660030867093
3141,4.971644677747918
3142,2.9850895807221605
3143,6.020667671205956
3144,5.758875151726443
3145,10.121184608024123
3146,8.62651049338001
3147,6.0363075879786265
3148,9.405024441666683
3149,6.919533853999383
3150,8.599969911607332
3151,7.283865097627768
3152,7.068954108098296
3153,4.333858715961014
3154,3.2791441736544584
3155,7.537142588274037
3156,5.281461566105918
3157,9.665977023164942
3158,9.430118424269494
3159,6.390083511213106
3160,9.107902473174818
3161,8.573652307501561
3162,8.455442906240933
3163,8.062327733483926
3164,5.519913164377613
3165,7.395084734201646
3166,3.670916404196305
3167,7.058108538829856
3168,6.229931099830992
3169,11.238808079151113
3170,9.878843719971883
3171,5.521669130877399
3172,9.450850483218346
3173,1.6110480471629671
3174,11.19606904666125
3175,7.620780836494305
3176,8.284547209592347
3177,2.709434725275514
3178,1.9798327743615118
3179,6.241717468432853
3180,4.620886104670262
3181,9.47778992515714
3182,8.875125981676774
3183,6.496392776486118
3184,8.244772071500392
3185,7.739488119770158
3186,8.761254937469403
3187,6.258281780919333
3188,7.664387475813783
3189,4.121622969546479
3190,5.685643868841453
3191,6.444310042074903
3192,6.5894086025627985
3193,9.407219995064224
3194,9.655228967109906
3195,6.089830563217674
3196,9.07139467417619
3197,8.025032508081495
3198,10.853091700348159
3199,7.05765273136376
3200,8.64496327656434
3201,5.206412497806014
3202,4.255642379280289
3203,7.062869760961348
3204,6.114405034454194
3205,8.566606458391107
3206,9.108855013410448
3207,6.498718028572057
3208,9.040251774281387
3209,9.137298222468871
3210,8.798602162901261
3211,7.0263778050184555
3212,7.99344892263116
3213,4.611583002331827
3214,4.99081875750926
3215,7.838101858499613
3216,7.674195404591046
3217,8.097691725135519
3218,9.256079370073167
3219,5.9666936331846046
3220,10.025395869349268
3221,8.591831123751945
3222,8.82211484598838
3223,8.541814015419277
3224,8.167525312750513
3225,5.161182380280479
3226,2.6239652519220726
3227,7.17831549145194
3228,7.5451880138275556
3229,8.634676574712103
3230,8.678678903838772
3231,7.31696995292441
3232,8.337809927658782
3233,8.482829513344313
3234,8.916243739728998
3235,8.101733583263467
3236,7.7490141390449025
3237,4.721549238863645
3238,5.428797580034825
3239,7.340584081766792
3240,6.8875064271560404
3241,8.387324074225035
3242,8.348476988951461
3243,6.532617432454117
3244,8.627353157481593
3245,6.1435913509089914
3246,8.887959137594407
3247,8.112277393388922
3248,7.736504219587005
3249,5.087928874509998
3250,7.515729297703729
3251,7.4543781739103
3252,5.496934144136048
3253,9.386962668708293
3254,6.089888471984068
3255,8.538840628570142
3256,7.009217737166637
3257,9.08997705682441
3258,8.38235853873266
3259,5.259315264398538
3260,7.6013025359557105
3261,5.442528779871282
3262,9.040184108755966
3263,5.796418023114256
3264,8.998244029412035
3265,4.637821245866235
3266,8.162763140124298
3267,9.780383285125026
3268,8.252844952871328
3269,6.470669483588608
3270,5.422299541854954
3271,3.113947118138185
3272,5.367659045812161
3273,7.221750120290835
3274,7.513377092788687
3275,9.14354962124753
3276,6.5373094653041335
3277,7.927454583252711
3278,9.781558044059238
3279,9.219689069796004
3280,7.544768436476716
3281,8.20216719803284
3282,2.724036852367135
3283,4.070089047136662
3284,7.469359521997376
3285,7.033407484467716
3286,8.722992554549819
3287,2.7935218627749236
3288,8.707379719414348
3289,7.853905584375752
3290,11.431726512059868
3291,8.421817295035453
3292,7.896229030986433
3293,4.3551157277242964
3294,4.096261370084903
3295,7.265668225363697
3296,6.529048075078208
3297,7.337768926398439
3298,2.6921781469550297
3299,9.331140117541509
3300,9.412477087475963
3301,9.664051698400726
3302,7.933909245572977
3303,8.181832643115285
3304,5.701634338515305
3305,4.494376814467614
3306,8.220820157203434
3307,6.055665600778411
3308,7.972704589205932
3309,1.4265970095966622
3310,8.68516334414744
3311,8.74719983110117
3312,9.450033094025457
3313,8.205772007485393
3314,4.410566440484217
3315,8.588760204815571
3316,4.4311139598062255
3317,7.819371860669435
3318,7.020244046374501
3319,8.28502758632294
3320,1.6719452192028257
3321,9.592432650683804
3322,9.080375601512515
3323,10.216459782518541
3324,8.436622937204447
3325,8.127297611546055
3326,3.8233916952194704
3327,5.301885413601212
3328,7.527147849233188
3329,7.878919822276657
3330,8.109230458559068
3331,0.7364048759291109
3332,9.26182196281934
3333,8.83802241313515
3334,7.093737646708178
3335,7.445260314616917
3336,4.418949110023277
3337,5.055560564181178
3338,5.455075455163751
3339,7.6243971459930435
3340,1.202941241114786
3341,8.5265408204923
3342,8.662931405236577
3343,8.806879326343733
3344,2.4948313599888934
3345,8.318996738635178
3346,4.342282499444536
3347,5.4902375283108995
3348,8.412086285575242
3349,2.4935878688634148
3350,7.767618474779738
3351,9.942407515683044
3352,7.379859140060489
3353,8.67650472769401
3354,5.160533795739866
3355,4.869746137126185
3356,6.539008649541756
3357,6.636794274199929
3358,1.7963661012422563
3359,8.553640953328795
3360,8.252999060432558
3361,7.229511464222924
3362,7.9569001402242066
3363,3.7099136397605434
3364,5.392079316965919
3365,7.028294063816247
3366,8.312074896911781
3367,2.3307199959658647
3368,9.260481782796433
3369,8.969801458134953
3370,7.5253431575192735
3371,7.62139275178788
3372,4.199734025258294
3373,5.484014976309481
3374,5.811812055143491
3375,5.683153634940481
3376,3.678461303007225
3377,9.821327306432067
3378,8.438497557569008
3379,8.601147736199437
3380,7.747462461745272
3381,5.786017540908233
3382,5.504614000015408
3383,7.585276075591537
3384,6.914003973985018
3385,2.3721909931359733
3386,9.794404167283574
3387,8.805949045834495
3388,8.000115733530947
3389,4.2528222726859894
3390,8.83208077509562
3391,5.711714351768933
3392,6.366821104488736
3393,8.10289243994248
3394,2.680716101184771
3395,10.016849376020218
3396,8.59815190441077
3397,6.987868587527828
3398,8.136162777157551
3399,4.5412751546650725
3400,4.094601805580169
3401,6.830135742342009
3402,7.414997325763579
3403,1.8847513134383007
3404,9.179910231619033
3405,8.808432229315713
3406,7.940361233607291
3407,6.497735623894641
3408,4.491036357645044
3409,3.5197992267712834
3410,7.115739999314428
3411,7.482501681465692
3412,1.929550742388983
3413,8.95780743099158
3414,10.192371977888797
3415,7.440866894064129
3416,5.554273825170185
3417,6.5452597763792255
3418,5.063299308593741
3419,7.76614059940448
3420,8.291905812773166
3421,3.745598076870465
3422,8.957748215714673
3423,8.410138454827575
3424,7.852392504238651
3425,7.916184664118191
3426,5.036286286896939
3427,4.870981234143528
3428,5.801027144109412
3429,8.19187167506243
3430,2.189740255414563
3431,8.680324547412965
3432,10.194807399978345
3433,8.67266867035869
3434,8.366425148134567
3435,5.108597905325041
3436,6.670905653307727
3437,7.589060809689272
3438,6.604111545149408
3439,3.8851370242596204
3440,10.220869540176409
3441,7.431131187598112
3442,8.423328273680909
3443,8.308280195046336
3444,4.410708815973976
3445,3.095225940366163
3446,6.783669290123271
3447,5.959741223054607
3448,2.15839938418776
3449,9.103618534622456
3450,9.95551045078355
3451,7.471912651661114
3452,8.127802212411098
3453,5.166819905690772
3454,5.908862158462398
3455,6.352082981861713
3456,7.4514564076998795
3457,4.13171113629096
3458,9.553620682588644
3459,10.320588423890968
3460,8.307089909959814
3461,5.269569230305933
3462,8.402869283103882
3463,5.263746865268786
3464,8.310616265599492
3465,7.267760974370049
3466,1.8999523730972214
3467,7.0186601995105775
3468,9.376878149557797
3469,8.688535058507114
3470,7.7108954354876005
3471,3.448483984294853
3472,6.213404674805133
3473,8.658958907027682
3474,7.329153986469464
3475,2.778899793029268
3476,7.23454518394874
3477,8.457584212083475
3478,6.080225444006373
3479,4.343931501623047
3480,6.499497517299915
3481,8.425575720676079
3482,7.155700050428095
3483,1.965221485027996
3484,8.923504233761832
3485,8.4925295157841
3486,7.778263823565339
3487,5.5376974506561965
3488,6.082004716032316
3489,7.117773023770042
3490,7.392877999135635
3491,2.8742351330688507
3492,8.377460936960233
3493,7.0600960767760625
3494,7.358760313478342
3495,6.708636396577731
3496,4.538512694943165
3497,7.791030527534986
3498,5.977564620275643
3499,5.212123499755307
3500,9.681942799717945
3501,8.76397764837202
3502,8.294384689126673
3503,6.5404247990641124
3504,5.5453094841091115
3505,8.102414952762047
3506,7.757275910800672
3507,3.679358868390864
3508,8.343409094833078
3509,8.24099834502249
3510,5.95504277378177
3511,6.840743567341178
3512,6.823561560188409
3513,6.678298354781873
3514,2.4154297404115823
3515,9.7157968253332
3516,8.028734979761794
3517,6.97701942695403
3518,4.2739312882022205
3519,8.381725386833295
3520,8.303219334382447
3521,3.5681871541864894
3522,9.820150707997527
3523,6.0731464084901745
3524,8.730246832606099
3525,6.020983670788155
3526,8.291524819645929
3527,7.978037666726777
3528,4.991080897734719
3529,8.824353804625844
3530,9.24462393831709
3531,6.33914650878296
3532,5.522248380405927
3533,7.682268467220638
3534,7.052153576935325
3535,2.725804568010062
3536,8.834726360516925
3537,9.35406941435349
3538,6.893345594132825
3539,4.753258901487243
3540,5.288546079678326
3541,8.032288229135702
3542,7.782849972180884
3543,5.376039102585764
3544,8.249645799173322
3545,8.168737464662627
3546,9.173350407398175
3547,6.672953903373127
3548,5.448576251943905
3549,8.042058107897901
3550,8.034562647096209
3551,3.7354772773851437
3552,8.459459835867165
3553,8.673290804114004
3554,7.707810760566645
3555,5.708152172816881
3556,6.201615025584033
3557,8.091558762452678
3558,6.3565436352455436
3559,5.7200703199928284
3560,9.159025099408609
3561,9.945641133773734
3562,5.5054335568961505
3563,8.587653209556265
3564,6.033323123141145
3565,7.641173451931536
3566,8.460688147918972
3567,2.9552370380633874
3568,8.426505613202153
3569,9.14641575246651
3570,7.868649307507894
3571,5.015992884141724
3572,5.239309785548812
3573,8.929160483632586
3574,7.010497648843739
3575,2.5194401270850904
3576,10.138808572874495
3577,8.403912298188516
3578,7.790532351289585
3579,4.075049703269087
3580,5.182983529235116
3581,7.975028558244958
3582,7.650361376202454
3583,2.1362281736360273
3584,9.464364322525853
3585,9.403768280293662
3586,5.83843890697608
3587,8.795259125093253
3588,6.489869421058756
3589,7.973675753780753
3590,8.609959672608056
3591,2.2590846783687084
3592,9.545321378235712
3593,8.76756972601379
3594,7.673991241771546
3595,6.019935395003813
3596,7.522612739713622
3597,9.477479879853945
3598,8.242153815952406
3599,4.304296327006341
3600,9.513071277187464
3601,8.43313061916524
3602,9.835986453281748
3603,4.1745255019386605
3604,5.312453440208628
3605,8.369205339871314
3606,8.199102934917391
3607,2.928865195378876
3608,9.085800561148972
3609,8.58637557938755
3610,9.103855593193657
3611,5.008808541145754
3612,6.628283805233423
3613,9.209442340925307
3614,8.466216206350055
3615,4.779132058061805
3616,8.737044366107057
3617,8.403441757131077
3618,9.530166369015205
3619,4.943549106602404
3620,6.776526383261171
3621,9.135884188855016
3622,8.047114301359215
3623,4.750660863392113
3624,9.381058160841349
3625,8.639096807554779
3626,5.548024945870111
3627,8.03939861759818
3628,7.271467417981967
3629,8.294118919665834
3630,7.244535341211304
3631,4.168065971439319
3632,10.342447279871067
3633,8.00328167550515
3634,6.73224075863709
3635,5.808717858626096
3636,7.159728763060684
3637,9.220966505506112
3638,6.985284918418984
3639,2.415163230555663
3640,9.199568135963546
3641,7.414762459232861
3642,9.321478631543414
3643,6.8171292533170345
3644,7.722747052287559
3645,9.072631624404494
3646,8.644113138555895
3647,3.731579592140406
3648,8.46339823804783
3649,8.420453793757133
3650,9.14030203198854
3651,5.616048776314528
3652,6.857617658444269
3653,8.60473034492179
3654,8.287047166320008
3655,2.58320937471035
3656,9.755009216787585
3657,8.322391978839732
3658,9.709256528826245
3659,5.910361760485102
3660,5.753562425341897
3661,8.893017812630205
3662,6.624284247484866
3663,6.076447746325812
3664,9.276606165299654
3665,8.550375294078094
3666,10.778135967831531
3667,4.835647141484515
3668,6.833286982558093
3669,8.105292739903234
3670,7.930285739184001
3671,4.546747878159749
3672,10.35607458152299
3673,10.82440399367897
3674,8.747011906557418
3675,7.231471802963824
3676,6.05744410285206
3677,8.364839010717333
3678,8.868813355141356
3679,4.211691910028549
3680,10.137375175985198
3681,10.478599825356469
3682,7.609884976439389
3683,6.672053547752512
3684,6.4224582582114635
3685,9.201305661867991
3686,8.340434092136547
3687,5.626458018497942
3688,10.832199336891335
3689,9.647971685144057
3690,6.45555986987074
3691,10.991942542313609
3692,7.2546163873271325
3693,10.348763368805066
3694,8.960477421814176
3695,6.071890898123456
3696,10.49930345268831
3697,7.151499626678287
3698,9.497188754765375
3699,6.164125224912368
3700,7.250815939922177
3701,8.252518014165162
3702,8.397458735105829
3703,5.407146469577583
3704,10.534356174717686
3705,8.829943078867927
3706,8.807891042456504
3707,4.096946141205535
3708,6.88041616112605
3709,9.93740063068617
3710,6.79470165029079
3711,2.964432342717828
3712,9.338823773191052
3713,9.56251809268906
3714,10.747626662182938
3715,6.86953633877647
3716,5.746403200724217
3717,10.054694072640814
3718,8.754520054122167
3719,3.434806697483509
3720,9.099053409942371
3721,9.014174312331306
3722,9.54622471389257
3723,6.03320155566189
3724,6.924291649698716
3725,8.593761962266854
3726,8.356641423149085
3727,6.114379826414279
3728,8.244348537382848
3729,8.871296104548037
3730,9.288292311263376
3731,7.109903333097009
3732,6.125839569521304
3733,10.505183432863305
3734,7.580300664016249
3735,5.596960090530956
3736,9.090559118662895
3737,9.603848033613758
3738,10.826325062061187
3739,6.125116671767955
3740,3.8253434785483478
3741,10.849859563978043
3742,8.098346226710419
3743,3.8913189533836885
3744,9.710577035596543
3745,9.740765814600309
3746,9.687457258994073
3747,5.394490312521157
3748,6.6745764196589334
3749,9.299785825057825
3750,8.028305196921792
3751,5.528643102424667
3752,8.730631143397659
3753,10.36416885443441
3754,7.588450444208775
3755,9.306305660932594
3756,7.469310785409107
3757,9.092541195221202
3758,9.454059474944188
3759,6.371953918660438
3760,6.8964820244536895
3761,8.909593639239574
3762,9.277803898195998
3763,7.786498282845059
3764,8.057290086369449
3765,10.803424450029524
3766,9.731383894452847
3767,5.790334818877
3768,8.436406472186718
3769,10.605571938230696
3770,10.010662026245882
3771,5.115796071375826
3772,7.679543996559005
3773,9.652099394836114
3774,7.18288428790629
3775,3.654719896388997
3776,10.30007721705806
3777,10.2136971560235
3778,9.132904248822342
3779,9.025360358383296
3780,7.855111678445155
3781,9.207039607100342
3782,9.834077070575859
3783,3.9820543191731304
3784,9.82220181596358
3785,10.561427588098923
3786,8.30959126291782
3787,6.733463396272327
3788,6.711341024220019
3789,8.995817613798863
3790,8.767989415061038
3791,5.735977891055427
3792,9.386704228355484
3793,6.553595738772856
3794,7.990575091765095
3795,8.00045840183384
3796,8.347462860569067
3797,7.92407436461508
3798,6.624011160458849
3799,9.22145601729062
3800,10.729222337650754
3801,7.684699664027903
3802,7.413140865560763
3803,9.329718086128196
3804,8.277293008615288
3805,5.364300304270273
3806,10.753825725816569
3807,8.964864777025923
3808,7.492067840395066
3809,4.424876030566338
3810,9.212796182802776
3811,9.802565858636626
3812,6.577050957157553
3813,8.622146855766914
3814,6.434677275305148
3815,9.650691787045616
3816,8.078156644380215
3817,9.193795719274021
3818,9.135228584036668
3819,5.872934055974838
3820,8.946728110289314
3821,6.042852190965732
3822,8.437870396988728
3823,6.290274569621943
3824,8.972131361959782
3825,8.886674185028824
3826,6.742985162801688
3827,9.759014883576583
3828,8.050323760156061
3829,6.850012221776069
3830,7.3568056686585805
3831,9.65093743028092
3832,8.37922730707578
3833,5.071999068307832
3834,9.722981129686104
3835,8.069853246505772
3836,6.495250109063818
3837,7.1789644685736675
3838,9.152887480755453
3839,9.062934359002611
3840,3.246635330427125
3841,9.867899608324478
3842,8.290920164876752
3843,7.754158808286775
3844,8.446804339568189
3845,8.458827961267161
3846,8.646303143384557
3847,6.19786550460276
3848,9.802687782572775
3849,7.321853048526464
3850,10.122712715285616
3851,7.223257815505349
3852,8.7973381701172
3853,9.695007682691994
3854,7.004007191197161
3855,9.073357819750072
3856,9.469035764022465
3857,6.971281452522817
3858,7.6015691603352025
3859,9.155153972047174
3860,9.188945036607038
3861,3.3622668804509885
3862,10.342425449958228
3863,7.156262668413547
3864,7.588934235159286
3865,7.899161804636606
3866,8.343451515145262
3867,7.108526587286633
3868,9.546126548230859
3869,6.804636313723677
3870,8.21289034958545
3871,9.870852504095183
3872,9.103201571371756
3873,6.310025177212992
3874,9.684143780937575
3875,7.91187494395308
3876,8.352433642253345
3877,9.189552924417512
3878,8.46050787160857
3879,6.784203374943445
3880,8.629108964320949
3881,7.937459117863909
3882,8.19182023338135
3883,9.133447483243344
3884,6.217946593104443
3885,9.202469618341183
3886,8.361698220987364
3887,7.575392318528429
3888,9.92339964824032
3889,7.383471070170799
3890,6.858773444550025
3891,6.851026125239059
3892,9.292103667899028
3893,6.077589879170773
3894,7.708031551166641
3895,8.221641631010243
3896,10.97668995925278
3897,6.392949867944935
3898,6.431637400753061
3899,7.2641248032218755
3900,9.022533139090683
3901,6.612706011583214
3902,7.3681444810003995
3903,8.300388586500048
3904,9.384520245318981
3905,6.156210045756779
3906,7.308327143964561
3907,7.960284455992678
3908,9.801854871874639
3909,6.975125158036008
3910,7.0970411349012466
3911,9.198554898006023
3912,10.506603925824948
3913,6.532506938322513
3914,8.534955500217166
3915,8.326604610855611
3916,9.348926099944947
3917,7.336986854191764
3918,7.817139727277208
3919,9.223199986585314
3920,9.698480578608724
3921,5.4251351769412395
3922,7.957822162009961
3923,6.725006544574626
3924,9.973679239244575
3925,6.105307460932636
3926,7.849798946233022
3927,8.135123831659712
3928,8.453395237765562
3929,6.170230392732265
3930,7.8783429629061175
3931,9.638965453602395
3932,10.143958230354656
3933,6.709256826997262
3934,7.845999632910662
3935,8.70238969833099
3936,9.365235977531938
3937,6.7389778673809815
3938,7.189188105716312
3939,9.180904695060235
3940,9.127433107747038
3941,7.057052049471167
3942,7.2383221484633395
3943,8.33070825820596
3944,10.891846694430114
3945,7.505842217408372
3946,8.434529682850552
3947,7.133808631563625
3948,9.972450138558088
3949,4.900346553991767
3950,6.642890988601721
3951,9.785773866839918
3952,11.043796504229704
3953,6.90103287671991
3954,8.104310724739207
3955,7.767755234681317
3956,9.89128960847529
3957,6.251296782716963
3958,7.0367090197305515
3959,8.379744716574805
3960,9.678262735020326
3961,5.477054066492656
3962,7.915102964723246
3963,7.21616944894231
3964,8.544531316516895
3965,6.789557086312016
3966,7.037417264913074
3967,8.871671642957153
3968,7.737785515371797
3969,6.779950327334973
3970,7.003501047763621
3971,8.490312566346802
3972,10.011744185298085
3973,7.239711409966731
3974,7.401316554950881
3975,9.926709128214043
3976,9.51961449239252
3977,7.306304107391952
3978,7.744575606432591
3979,8.449202795647125
3980,8.288955270200404
3981,5.416205700834325
3982,7.245257946313814
3983,9.1762813649716
3984,9.207300656317784
3985,7.023826496644688
3986,7.096007690976876
3987,8.445703395782857
3988,8.798049472269213
3989,7.665910360767157
3990,4.11676728670227
3991,9.899411367589892
3992,8.217759226245562
3993,7.885454165558713
3994,7.04766405065493
3995,9.696555915096724
3996,8.709232079117555
3997,7.936604879095285
3998,8.175440990123207
3999,9.865068723485365
4000,5.783214023984783
4001,8.141872800736564
4002,8.172676661974947
4003,7.616779720822251
4004,8.301071220969789
4005,9.92206687146927
4006,8.318677447264236
4007,7.731072380513069
4008,9.867072380915488
4009,8.576848949720443
4010,8.573832830943502
4011,9.601566591012215
4012,8.089751842175701
4013,7.605520550966048
4014,9.243013887620691
4015,8.967080798070128
4016,8.339150801192318
4017,9.73056099446194
4018,7.340806810007962
4019,8.315492365274622
4020,8.814805135792994
4021,7.886285423545814
4022,7.195407775552667
4023,9.50563739986228
4024,8.69678818934608
4025,8.073832207568103
4026,9.709463510679143
4027,8.527617368106803
4028,8.452736828311117
4029,10.52444056526656
4030,8.95910272815945
4031,8.56760983921049
4032,9.593870775672258
4033,8.833059941520332
4034,9.404858612193948
4035,10.285158251090252
4036,7.901575635448808
4037,8.47639692258008
4038,9.729601612335955
4039,9.097711350998452
4040,7.845574004091304
4041,9.501386159899539
4042,8.2570129031119
4043,8.463285855631511
4044,7.80188661781267
4045,8.64141488547375
4046,8.671136087483319
4047,10.598828115949345
4048,9.601895841160513
4049,8.566499139583357
4050,8.549463239255601
4051,9.158846174037535
4052,9.555675728161077
4053,8.539972491753815
4054,8.852135137660753
4055,7.272185393934706
4056,11.487090407796131
4057,8.75375734716863
4058,9.599453956197067
4059,9.019437272796495
4060,8.985041212743909
4061,8.544250840170207
4062,10.526283297116606
4063,8.929772563452389
4064,9.636815271740943
4065,9.58310541844503
4066,8.766668912017394
4067,8.184857997674044
4068,10.81458846655778
4069,9.775942231001864
4070,9.22446782769839
4071,11.295149422037412
4072,8.93270227355606
4073,9.696545582214185
4074,8.44057795275421
4075,9.949868039819194
4076,8.914826981134865
4077,8.530600363126723
4078,10.568495821308716
4079,9.939461449142982
4080,8.922353927637687
4081,8.561553151224416
4082,9.338972940480744
4083,10.466528856804416
4084,10.044288943230185
4085,9.14679660503316
4086,11.075108672232545
4087,9.537725880904418
4088,8.41906237751391
4089,9.263885314279833
4090,8.06557108477
4091,9.156507206662354
4092,8.851059369207633
4093,9.752734805003456
4094,8.292123028371861
4095,10.200336459567097
4096,8.29833279601462
4097,9.744931238672962
4098,8.132461494946256
4099,8.58469243257423
4100,9.362331447968245
4101,7.711648666644578
4102,9.46306403996823
4103,9.422058195937552
4104,8.439458113300134
4105,7.440368964950267
4106,9.891201269545945
4107,8.756864720904105
4108,9.916447940499893
4109,10.860283445309506
4110,9.389806199457325
4111,8.215140872982374
4112,9.76124699619595
4113,9.40685657207132
4114,8.532313703264663
4115,10.84201799435641
4116,8.084336992616954
4117,10.44293092873886
4118,8.068468258361918
4119,9.822795902177404
4120,8.755901991641167
4121,10.148841932433243
4122,7.787671586237593
4123,11.531142970713972
4124,7.692438786887578
4125,8.94750754436609
4126,7.866287292393736
4127,9.837317641521622
4128,8.196254723813126
4129,10.070189553508044
4130,7.78371962193205
4131,9.55727036475946
4132,7.02396986598842
4133,9.754275071016764
4134,8.308084764395062
4135,9.659433972764418
4136,8.615734804685417
4137,8.559143689686607
4138,9.278552439205669
4139,9.480380395515112
4140,7.591662362823627
4141,8.870454947174494
4142,8.366752860732959
4143,9.095552132733246
4144,7.37801162049891
4145,10.027564504571274
4146,8.663769742427576
4147,8.746879722781614
4148,9.15528588864936
4149,8.256867409039842
4150,7.9424395680907764
4151,9.553585769241636
4152,9.868744464706651
4153,8.641101356399304
4154,10.39617001174247
4155,8.255333062958016
4156,9.89738956900328
4157,10.020907311350129
4158,7.247175825070826
4159,9.790903530962169
4160,10.624494886288176
4161,9.858345322648802
4162,10.727946096388678
4163,9.202225468452525
4164,10.608274688911479
4165,9.921803375612399
4166,10.26977240625365
4167,9.706791850564969
4168,10.886612930141382
4169,10.762085570191175
4170,8.725210465141572
4171,9.829670706267734
4172,9.444431002425517
4173,9.130620903640192
4174,9.292657118676289
4175,9.087472517546757
4176,8.472712570590375
4177,10.647998934515726
